Nama,Harga,Biaya Kirim,Ket. Tambahan,Tautan
Luxury New Geneva Women Watch Stainless Steel Men's Quartz Analog Wrist Watches,57000.00,Free International Shipping,Top Rated Seller,https://www.ebay.com/itm/223954693768?_trkparms=ispr%3D1&hash=item3424bd6e88:g:38AAAOSwkhxeeE-4&amdata=enc%3AAQAFAAACcBaobrjLl8XobRIiIML1V4Imu%252Fn%252BzU5L90Z278x5ickkgCVySCgrNFPU8Iu85TabMCkP9rhwvpVxesK%252BJh6I6Sd6Lqh3gZdpjiIeF9UDnc0bA0xB%252BYSxJomLxGIHGqE8BEHlHqp%252F1tKSUc35Rr6jxeo2nw6pXSssy228izGtrcFf2U55A3nJPFbGAW6l6H%252BPcwh46nDRJS520FvjvTzoEYdI0iXtAILKg8R6ZWIE%252FKMfIRtRpj9USA5BGmClHQ8gWpe69XtOWAxLRQH9hjt8mH8QRBYgr30sMetACIgT75AwkufboUucZG6Tc45YTUEeabgrCS0sL9co4ZAdJKYeB58Qu7z3JlhqaNVKonn12%252F%252FGlbznZ%252Bu9PcSYEFb8w2C%252F4xJtVWM1dYlRhx4V69M2RvHd0u3OeYaUSX4sftfh0rSBgGJHW9aQdIppV%252Bz22A7zKW8epzgDAc%252F6L7QT84pVnivT%252F%252F5IGCWXVYS%252BP8swLEsOrJDgCS5Obq9tNKubQkbb2%252FCYcR%252Bacups2PAEH6lGRBEMNsu%252FtzFHq40LVKl3sad0zrslmbG9mrUBiAVXjxuZsdpQZ9Lfx73HBKCfl3q6YufeIDr7pABgRrUBiSfJXFpY6z464hiWGHmzTWJuFXQgmV9fXtflXHiMXGH8RVF5wILxtb%252Fxh1srQ9lFpzMGZqkKBoONRPuvBHcQyhhcbDiGAesFZC%252BDFiRLqdPVq46kwwF6sEtPiz6kHvDIvVwWux79iauqWw%252FgRBuXKYyzn6M2TCfgyx8JRUFeiP7CpN4qesRWaKTg%252BcQM3YUb8ycQR9ibVCo%252Fc6sgqFizOpCpnAUBOg%253D%253D%7Ccksum%3A2239546937680b5b5dcbb7234efcbb468eefbfd2dec7%7Campid%3APL_CLK%7Cclp%3A2334524
Fashion Men's Leather Military Casual Analog Quartz Wrist Watch Business Watches,57000.00,Free International Shipping,Top Rated Seller,https://www.ebay.com/itm/362297941435?hash=item545aa3ddbb:g:LOEAAOSwvDpa2C43
Fashion Sport Men's Stainless Steel Case Leather Band Quartz Analog Wrist Watch,14142.86,Free International Shipping,Top Rated Seller,https://www.ebay.com/itm/362768766864?_trkparms=ispr%3D1&hash=item5476b41790:g:qo0AAOSwENVdkCzN&amdata=enc%3AAQAFAAACcBaobrjLl8XobRIiIML1V4Imu%252Fn%252BzU5L90Z278x5ickkBSh1VzQSTzkTiSV5EE%252FHQcjGw9P7hxM4148ngRgcR2xlNug8bbIUhA2Qov8FRb0vfAN5yMM8bOMf3BJeJ7GGp9oyrrP%252FIFokj0IJwzV9X1nXAfh8Ig1jDiE7zvr5biNgjBvYYBSHqb49CBNvaXjoEWeZZndttWpYb2JEA3ud8wHYHAYoGMpXjNcbA8zTWLlHQSmGwxjtTHa%252FSy3SIQbUNSctdLk9wQGyl1IUiE2hlLN1K5OR5t%252F5Cc4D%252FdJgUkFThkSYysB34KJNuVEU7owPDiPF19FFRfjco3F5vtLNTtKVHDBv2vgIu4REP718oBKoykq870qQmklpyEPmXebdqllPbGmRkedL68j4AdhPbOqDf6KnbHYA2J0D9BCqjBpGUwvy8rKFzT%252BQxJ9iITAbXnbgmBRPFoiOHKqankg%252FXGJKdxVCQ0sI2ZkxrlztIbNoFIXKJg8kms8CTmZ7Hxg%252BUw30IcUvLLzXL94p505mZd%252FZGJrWWtWl9rcnr3LSgRdt5lcxc6ozQxX705k%252BHaxD5CnXJbErKQsL9v08fn%252FwfzW%252FHzoq08bBpTBXFG4WJvKW0i7JJBPyfis3kg61RkGsWN5zIrBbK6X3%252BMZfmFpJyO21Eci4IjlsPXeeo4JRnKZfPGsdOEcN8gCb2%252B6%252F0OYkBiF9v4MroLTWrU%252BulTGEZ8TtkcsX5A2rdlaizktpyaghgUEM7wU5xqgoGxtIinOtn2oT0ynUUrkgiTm6wW139ng2mkKxDgHciKS3bRPKO7xiO%252BYghuMYcDI94%252FakrvZCcw%253D%253D%7Ccksum%3A3627687668640b5b5dcbb7234efcbb468eefbfd2dec7%7Campid%3APL_CLK%7Cclp%3A2334524
Citizen Military Men's Eco-Drive Watch - BM8180-03E NEW,1557142.86,"+IDR259,571.43 shipping estimate",4.5 out of 5 stars.,https://www.ebay.com/itm/392401755910?epid=70317213&_trkparms=ispr%3D1&hash=item5b5cf79f06:g:ofAAAOSw1MRdZZgJ&amdata=enc%3AAQAFAAACcBaobrjLl8XobRIiIML1V4Imu%252Fn%252BzU5L90Z278x5ickkyMJZWL%252BqFSgQ3TOOe%252FNr7vTY5%252FRG8qEGq07tixIGw%252Bn2MTB%252FitFClmeCX%252Ff%252B6K9b9MSTrpyJM9sJbn1QpOZ5asznI9hW2Csrk8jd7txhDv8vvkZtQw7WJ5p9XOC3tsgvH2kCXBA1WE2XRk7jtkoQ1ZMBAz5KpHOz2d3%252F2eXkSRVCNWzfPyvpnbfs5NZKeNH7riPtm%252FmWrFyx3Yg1Rkvnq2Ebiff8dRxs7BF2ipPWDKRuzxzlZV%252FCuh%252BP7QfwstXgNdh184LpN1JYTr6txTH2J3oyTaSuCJAw8WZWMpa6SreF8v4CkzxyYVHnsXWW%252Fl2qRqIZDtvdKgn6ZKCiiCvIxj016gLwFheV0jPJQzWB9Fryx304%252Fu0hvDSrP3h9l7zBBkXoModAF6mXdQHOGmvm3vfFVxEejzRdXV5DCuqBTHkSiLST7OgM9rQfYQAozDuQD%252FGld8rwFxOvcs%252FM5TwxBcS1hooLQYoMCrNQ7IDo88S8esGlwCcZrHKelvUhFZyuOOwKHXBmcog0r%252Bo6UWmbuN0ARjKZcArwT9revxvBqDnewbZMZ81ltu3GayJlb%252BUKYRU40915sdMO3ojnlJRl5s5FBqXQVj4HKp%252FyG4H4ja3qh2wpCXo7aXo2MuOysiGpu5lgXBwKwPHkotRBdDdsV1b2oLhtMwgaGxD1av8TD64JBV%252BVKqFhiBrCcbw%252BUrSYeNbSMQQuk9IjmtaRCJKnlDUnZmh86eiieGnc1bOwSBgN4mP%252Bq58gwmuiHViVv%252F%252BEIjw%252FeasIO2R22NyV9p%252BcKg%253D%253D%7Ccksum%3A3924017559100b5b5dcbb7234efcbb468eefbfd2dec7%7Campid%3APL_CLK%7Cclp%3A2334524
Women's Fashion Leather Crystal Stainless Steel Analog Electronic Wrist Watch.,45978.86,Free International Shipping,Top Rated Seller,https://www.ebay.com/itm/303828206896?_trkparms=ispr%3D1&hash=item46bd928530:g:rGIAAOSwHJZfh8Mj&amdata=enc%3AAQAFAAACgBaobrjLl8XobRIiIML1V4Imu%252Fn%252BzU5L90Z278x5ickkpFtSR0CGv%252Bh98r8Yb9quS4j8FcpzbK4fBJ2xaNUGtcPFaxgrbVvJGrU1QcYCpjy4Vfpy0JS342f1VnkPmF4b08O3rUiMq0Tu1kZET5uVzy2DXknH48TIrHv1v5DTjQvT%252FWyotaL0eRtbT8Cl1b%252B9xUBRA5iV34pNWN3GwAB0JZvv7SkaHBJjtCQ9oey8B%252FGU3PCud7lgshG53k09j%252F5%252Bn9RS5tnOIkMT0idUh6vzS952Y4fRRX5xvGTQ5hSgqxwYsRu%252FeX19QjZKIZ4v2i6IlopSetIlUCkqpXqr6WM5trKHMm8r4Bast5FKmX8JChvHBzmf2wq0QDLkUvRczuDEW2edmNOwkXsoeXUH1ja05l5bOyP7RUZnORIuGCAKYJJ46AA2nbrXMyaCNS61np5lhDbWWglBFfdDzs8xpQ0D2k71BLSG0NuIPBs5%252FL1m11ucQPDN9qUZ1T1x2uSyMjHgCgqdLyxMVI7bj5sPP%252FiQLg7vZ1o5SCa0pFuK%252B59hGMsRqVYF7ZMB%252FWsBJNdTI3%252BA2iTZFXLj8kPl%252BXBpcIeSUqPRCjC%252BNj59wrqk09QUnZ0KToj2wHT71HkTRq0SphWuT5s2WS8aO%252BVvIYSz4bwD7hks6y9iZSl41h2B45%252BWsq8SDjtWLjonGjrCsP8MPyXLoyzvdjdpvEJvcS3I%252B2SpCP5YzDlpS30GWmV4d4jjcvNDd10MlAEifrAiivRpTNa3PLyYuRZGMwCy4zGfFBLEVCxqsQlnZMzWSFBu2BHMWc2F%252BjxVCamFgvgW0aHrlPMHjZhgiNkTzxxTmlwQn1Fj6Tw%253D%7Ccksum%3A3038282068960b5b5dcbb7234efcbb468eefbfd2dec7%7Campid%3APL_CLK%7Cclp%3A2334524
Luxury Men's Steel Watch LED Sports Date Digital Bracelet Wristwatch,119714.29,Free International Shipping,Top Rated Seller,https://www.ebay.com/itm/303298411610?_trkparms=ispr%3D1&hash=item469dfe7c5a:g:nu8AAOSwGjtcf6na&amdata=enc%3AAQAFAAACcBaobrjLl8XobRIiIML1V4Imu%252Fn%252BzU5L90Z278x5ickkpFtSR0CGv%252Bh98r8Yb9quS5jIDXPs5K4SYkMsxaWO008P4gSEHlmxz0cA7XxTNUKwLTTRngMn%252FqJfzAcbmghHXBA5Txh12bx1MTo%252BGseC69hKb8hbnQaKsdnENE2Kk%252BWLaFWe0SAV3dlJyw2jOGLuu4RiQCxbsN%252FzYKeGyV505OAhEFttc5dBYiGu5Bobv4DTynra6j4IUxtUVhMcyHa4PBtg5BhMc2fDT3J03r%252BDPZPu53uCjixZi7E6Qc5V3R7as8EnRocoPnmuTPVq9X98acsv5a%252BScga2AaBrzQhwu8kFa9Qt1CufTdcCJy8B07SAry3M4ebvlVryqM2wdqhnmDl0NiHOA9BmOyUWdkyn7LSW7dKJ%252BeTMe2AH%252FkPx4VxgX%252BVVU4S7ltQ2wchowyNIe487dnsfzyAkHWcStoPDnq4AgOcA6NkbtOiwGWUpYiSzNSPIBAISzjiQY8rWLgwvSuqlyMFmM1SAPUZSpFpdGCaet%252Fy1pppDvvMkC3%252BM0vbafBV5Xn1HO50uKC6RmJCtvzum1I0Tv19B7Qi1Jb5ggCDhcJH78VY2%252BH%252BiBvbMmmS959GJOxgj4MT5ouMu26sEIdBfcB58tzAVE2m9kGAzxU3PCzrYH5BGUTnc5d53MNootq0PjM4vcYH9UHk06BQIBhb3vXfC%252FSfsBPCpOl00AOI46w5R5v7dN2qWUmQW87fBkHJkYLCrye3tzOMZI2zzM5cROMxlEX4vX8BjgqhuRA9qUVQ0XJ7kaXAlgqX%252F4lkaH%252FEzY1%252FOAkalXpOZQdvuQw%253D%253D%7Ccksum%3A3032984116100b5b5dcbb7234efcbb468eefbfd2dec7%7Campid%3APL_CLK%7Cclp%3A2334524
New ListingFortis Watch Aquatis Diver Black Chronograph 638.18.41 MENS CASE BLACK 42MM,1000000.00,"+IDR285,714.29 shipping",Time left,https://www.ebay.com/itm/234030509206?hash=item367d4e2c96:g:hioAAOSwpixf91tl
New ListingMappin webb watch,1519125.00,"+IDR604,409.20 shipping estimate",Time left,https://www.ebay.com/itm/164889275550?hash=item26642aac9e:g:UGEAAOSwVOdgqT3y
New ListingVintage 1960's SEIKO mechanical watch [Seiko Liner] 23J Rare Beautiful condition,142714.29,"+IDR342,857.14 shipping",Time left,https://www.ebay.com/itm/194163866865?hash=item2d35117cf1:g:wP4AAOSwZmFgsIA~
New ListingVINTAGE DEEP SEE DIVER ETA 956-124 QUARTZ WATCH 45 MM MONNIN STYLE CASE,713571.43,"+IDR171,428.57 shipping",Time left,https://www.ebay.com/itm/133775106360?hash=item1f259e2138:g:8BAAAOSw2YNgsl-o
New ListingMens Wristwatch lovary Vintage Watch,174021.43,"+IDR208,825.71 shipping",Time left,https://www.ebay.com/itm/144056802381?hash=item218a745c4d:g:QXsAAOSwFqFgshtt
Seiko 5 SNXS79 Automatic Black Dial Stainless Steel Mens Watch,1571428.57,"+IDR259,857.14 shipping estimate",Top Rated Seller,https://www.ebay.com/itm/143886504130?hash=item21804dd0c2:g:0~MAAOSw6DBf15GL
vintage seiko 5 automatic stainless steel 7009 men's japan made wrist watch,357000.00,Free International Shipping,Watch,https://www.ebay.com/itm/402658684818?_trkparms=ispr%3D1&hash=item5dc053ef92:g:NxQAAOSwOnlgDW~3&amdata=enc%3AAQAFAAACcBaobrjLl8XobRIiIML1V4Imu%252Fn%252BzU5L90Z278x5ickkTboA95HSvGa1O5UmCCGJLjBjbnWDuX6V0XOvQm7tRi6Cio699eUcPEQxABI%252F0FvmHxxghjomcDWr5pQKwyV9b3H0ckY%252FWvK9Vrit2QNfMlvrmdPoNg%252FXvzdKDIhgWoFW67sbDveF31lPcJnp%252BfOIahHPh7QqhgdtNXMgImz2K7YNXdg9BdqqN4apcZZcGUUL8jgivCj7HMik8QRhDaMcY3ipju8TklFzimM6qRHxK1B7pSuZPXr%252BdJn3VDsKEHvrrtP8SsMM8KXqM%252BOxvzyeqhIQPk5ywhdxCkvEtyi8PF2LvVWnZAYO9aJW8B3Cpi68chnZ9PLBTv2xLMetTjvsKufJzGqvIg6hZoSTL%252Fu%252BqwMnqB%252BsqHAX50h7EBeu2nfE5xiirvnyDYpK6z8sobgDp0Hq8rAlRmZIFisJF%252F7ArYsoh7%252B%252BinhYmXT1BTNZdYMGC9VGnfP3mAmG%252BlcuhK03Y%252FzuYHWOoIvm09EqjHrCHDtu%252F%252FwiZhvdax42kLhpZq%252F14HH%252BSfEjevaH156G7LdP7f0sm2zHwTPKTQh24%252FvPNR6KJYLpIbBULVOQc2q%252Bt0rEEPAikzQz%252B66zGrdUkrr0SnzHirwOLosAid1rdKflIYWmHpLDL67Yh1UJtnv8GpYtuzA7UazJsIeUikxpEsdiyYINa7ONKmhfTZzeTLez1NKqSmh%252BWGLu3wMiEFXNyXEci6p39%252FAYPxvc9U2cqSBlysPLLxZzaDIGK%252FHtdcjhavUJBqKuMssx05edGltQUp2B3aCa3jMqyDrXDvr%252B77fcxQ%253D%253D%7Ccksum%3A4026586848180b5b5dcbb7234efcbb468eefbfd2dec7%7Campid%3APL_CLK%7Cclp%3A2334524
New ListingWomen's Luxury Watch,770839.87,"+IDR110,025.59 shipping",Watch,https://www.ebay.com/itm/324649307414?_trkparms=ispr%3D1&hash=item4b969b4d16:g:438AAOSwSMVgr6OK&amdata=enc%3AAQAFAAACgBaobrjLl8XobRIiIML1V4Imu%252Fn%252BzU5L90Z278x5ickk5v8gVt3hEWLVg%252F253w6XCYyZzgX4pMKj0nFy2BDkCEQ9zCN2vgR%252ByeSKC9bXp22bhmaxqVNrwX1ZvnWHxo4s1DcIAANqxDzKwINTiNQ9jUC00d4Gs8xUvkf1H9IXgwwXVgI6jkk3QuODnllvc%252Bfy%252B7SJdcKEtZuP7wSlVpSyEknFAynS4LpVWy7xe%252BXmPoD%252FotKje%252FeEmdsDO6oEPZVSQhuhwuTJsqSXilvMKekuRhHD3zPov2Pvx7RLEqHw3yWn6RCgW%252B3kWDo9RioKDyf8cQwHzdPxLP8vAwhFV6SbwZeOi9qses0%252BG4Vxal%252F4FHW4BhpkUwh%252BYRTR7JnE6ZvLpSJCL%252BfFQhuaSiHKwWo7EqzjUcof%252FfoKg1nsUFgC4XvcZ0O8id4ZS%252FhsrjqOhDV15OWHUxv7hgaCffZfcXbZrbx4WhvLNOFiJckBmDiAL4IAfGN5x2%252FE6j5g6tSrA6CoGnb356OBgOIlWj7G9LmwJrgKwNb%252BFeBjFh%252Fn3WukZz%252BO1Y7ygS3jPf02ssbovwSwhUk4QdnlXgxCOWzX%252BXJaonVnKMxDV3uq9gzuDajLE9%252BqpRmHGtbmsGybDSw1E9ZuApaBwjPRkzC1PcoGTz938puPVQAMNoeD9PcqSx0T2yBoSpmOAMROH9WXwn4e%252FMsmG3yRQ3uNxOJlvUx32QZ%252Bbthz8QxqJ9wlZfKviIf3dlMUPX900Jn0S2WWtcQk5VPLWt1lXniHZAgW4zt8AUe6%252BpSR2Gnid2CHveb%252FIy4PFm7zPazOH2TdZhAso1nhAuweLdnmcD68oUMrzuXc0DIIgOk%253D%7Ccksum%3A3246493074140b5b5dcbb7234efcbb468eefbfd2dec7%7Campid%3APL_CLK%7Cclp%3A2334524
PARNIS Gold Date Just Gold Automatic Men Watch Two Tone Jubilee Bracelet ,1600145.00,Free International Shipping,Top Rated Seller,https://www.ebay.com/itm/324421041498?_trkparms=ispr%3D1&hash=item4b89003d5a:g:Y1sAAOSwOVJf2zKw&amdata=enc%3AAQAFAAACgBaobrjLl8XobRIiIML1V4Imu%252Fn%252BzU5L90Z278x5ickk5v8gVt3hEWLVg%252F253w6XCey8aqAQQ1%252F%252FS6m5fLNcQ1uFGbhcyiX%252FRevwiQ4akhriCfFDzvqNwCfN2Iaxy%252Ffk8Mi%252FGcRy56tsTmy3X6BTmVittA8RSPOP7nQDbjKgbzdAvaeFI25Cxn78lAVuYQhHd9HP14a2OZ8VeKSFRb367gFIoSoTN12XaQmzdgvwL91eiXhkVEKwhce3ioeEHtdxcpxbysvlUHnwk8TIn9oWVgAI%252BOspKCt4RJ6c6Zb7CjpaQ9BT%252FZljlxps33ZbXE%252FECzA4D1bE%252FrCQKxGi%252BqSo2XInmo%252Fg8J7APMcB5wPpGnQX%252F8DsqVyXtE%252Bge%252F1yHN%252BTuIYrstTlX9v01b6Mk9b%252FTM8oiyKbnaWL94bj3udXFIC%252BUkbqohMYv3pE6HMVTybsvYlMlBepqDbLjNADIHrUDZ%252BBVf4Zxwk2vjwzNWjCmh%252Ba%252FQ0btXLy5N2E%252BiQj5eBBd26L%252Fx5IhL8FZKkY%252B9peQD%252BBT8l3ITtXXIIQ8C7q%252FlAhcyrDKYyOSKdPgFHmtdUew%252F9NmAlsQuXicIL9ZybV7nko8ir8cH5AFQNE9K0h0PCdJ0o44SpvTWUCZAPs9Isrl2rFPj9J%252FB1%252B2WVkLCojPKPlm7qR%252BDa11i0t%252BA2r8plTvw%252FidvC6J0tgKGIoDx%252BQRZoLr4aa1KRbb2fpqQHxx9WbTJ287ZVkX4Q6HhEGnH3%252BF7awWecbzt9c4ksvF2FSm7BrD5nhKVQq4cnClU6ZxI6hSBEfSy8qDH%252BwCNvWCkOIT1poXctV0jwQHMSUhhI8sHrmkE9W7FY7ssZYmBOQTZE%253D%7Ccksum%3A3244210414980b5b5dcbb7234efcbb468eefbfd2dec7%7Campid%3APL_CLK%7Cclp%3A2334524
New ListingVintage Tissot Swiss Automatic Seastar Day/Date Men's Wrist Watch Swiss Made,1428428.57,"+IDR426,285.71 shipping estimate",Time left,https://www.ebay.com/itm/154472205109?hash=item23f742cb35:g:5RYAAOSwrcpgsjby
New ListingPROJECT FIX CITIZEN GN-4-S MENS SS AUTOMATIC DAY DATE NY2300 630007 WATCH EU SHP,971428.57,"+IDR357,142.86 shipping",Top Rated Seller,https://www.ebay.com/itm/234030729730?hash=item367d518a02:g:oYAAAOSwIFdgsn0Z
New ListingInvicta PRO DIVER Automatic Model 6053 Watch,1414285.71,"+IDR280,571.43 shipping estimate",Watch,https://www.ebay.com/itm/154472324372?hash=item23f7449d14:g:P14AAOSwOFBgooyq
New ListingHEIDI DAUS PURPLE EMBOSSED LEATHER GREEN BLUE RHINESTONE WATCH BAND ONLY,71285.71,"+IDR282,142.86 shipping",Time left,https://www.ebay.com/itm/194168463446?hash=item2d3557a056:g:NTcAAOSwlNpek7Ui
New ListingInvicta Men's Watch 14885 Specialty Chronograph Black Dial Stainless Steel USED,848428.57,"+IDR246,000.00 shipping estimate",Top Rated Seller,https://www.ebay.com/itm/203477116922?hash=item2f602e67fa:g:tWAAAOSwhxJgsqov
New ListingVintage Bulova Self Winding Men's Watch,642857.14,"+IDR265,714.29 shipping estimate",Time left,https://www.ebay.com/itm/154472280905?hash=item23f743f349:g:tU8AAOSwe7BghIdC
New ListingVintage 1972 Benrus Gold Tone 3501-408 TechniQuartz Watch  Running,714285.71,"+IDR386,285.71 shipping estimate",Watch,https://www.ebay.com/itm/164889465459?epid=10046022629&hash=item26642d9273:g:HLMAAOSw4BBgsqtV
New ListingSwistar Men's Watch Slim Swiss Quartz Turquoise Dial Silver Stainless Steel ,1607142.86,"+IDR260,428.57 shipping estimate",Top Rated Seller,https://www.ebay.com/itm/194168645299?hash=item2d355a66b3:g:x70AAOSw5Ptgsq82
"New Invicta Men's 52mm Pro Diver ""COMBAT SEAL"" Black/Gold Dial Chrono S.S Watch",1328428.57,"+IDR421,571.43 shipping estimate",5.0 out of 5 stars.,https://www.ebay.com/itm/133409592072?epid=22004319505&hash=item1f0fd4d308:g:9AQAAOSwi8Veu5Ae
"New Listing""Scene"" Quartz Watch - UK Stock",20052.46,"+IDR522,173.90 shipping estimate",Time left,https://www.ebay.com/itm/194168297215?hash=item2d355516ff:g:52MAAOSw7~Zgsm2e
New ListingSmiths 7 Jewel Watch,1519125.00,"+IDR574,026.70 shipping estimate",Time left,https://www.ebay.com/itm/184860896613?hash=item2b0a916d65:g:Uh4AAOSwovRgslPn
New ListingWatch USSR Raketa men's wristwatch mehanical russian vintage classic condition..,500000.00,"+IDR171,428.57 shipping",Watch,https://www.ebay.com/itm/144056863392?hash=item218a754aa0:g:HyIAAOSw1hFgsouT
New ListingSwatch Watch Jewels Sea Chips SFK287G NEW,607447.46,"+IDR577,672.60 shipping estimate",Time left,https://www.ebay.com/itm/194168562598?hash=item2d355923a6:g:lnAAAOSwIGRfkAyF
PAGANI DESIGN Top Men Chronograph Japan Wrist Watch Steel Band relogio masculino,946571.43,"+IDR71,285.71 shipping",Top Rated Seller,https://www.ebay.com/itm/393036863982?_trkparms=ispr%3D1&hash=item5b82d299ee:g:ZM8AAOSwrYBfxFNW&amdata=enc%3AAQAFAAACcBaobrjLl8XobRIiIML1V4Imu%252Fn%252BzU5L90Z278x5ickkyMJZWL%252BqFSgQ3TOOe%252FNr7r6bfc%252BBY9bxaWZt3tZouO9uk4WGHkqZ4gaUDMZN6b%252FYHtvmyUqqqv2uMsphEwC6Vl28PMNZ0KPTuXloC1c4D2yjLHdsSMWrGiyVJdHWxuGjH7MSWSnYxdMq8rB78uChSSnQYyFZgL2GU0%252BZlpeQZYWPEJxA4DGRfREQCJjXWbEYdaOxoix5xZmTt%252BfBC%252FpDLUz8gB49cxzS6%252Bkpdf4EVly4S9m7rQscPuNZLPXaw1MmrJCvurp06svuxxScKJqW0XHg2uRvoJXRoxSQmYDi61t%252F2dCtKfxnEiDG0USQEzwGsEe4BCu48wJBlB8vy8cBpjouYmfP1NoNZB%252F4S3IPRjEsEKhB73KHTpyp01APLyC8o1q9Tpw3VoF41srnLaIbjNs0Rs9yPJN8hTUNYhe%252BHFnsFDbPhuGBcxRWN%252F%252BtLCunEi2BV6vEtjiWg1PTPscDQVmzsPc6VId8yvgr8BfqlH3K%252FxnQi41%252FhTWhvGqVyG%252B6D%252FjEXm0Ca60M29uMtkBM6igLplB7YW67D%252FdbMfUwoIguU08wcpItDDaZ4SjybWV0ODZXtdCxi8AETWti3OTTFeGlOF7iasErw0okQ94%252B9csX5I6e%252Ffcbik2XmqtPrBI1gTpKbDSLsBOOivjlpJPfi3ZwgmACVKQ2LRZCZhZLT%252B2o5UNhbd%252B32s0euagUUUYsp9t9r60sWbwjSZBEzON%252FGVVcBfNTPF5wZTKQfKW6xCIPlGvc5au1qHJeuElRDx0SvtbzJIfilOCuASTT8Qm%252BYQ%253D%253D%7Ccksum%3A3930368639820b5b5dcbb7234efcbb468eefbfd2dec7%7Campid%3APL_CLK%7Cclp%3A2334524
39mm Tandorio black dial sapphire glass NH35A Mechanical automatic mens watch,1092857.14,Free International Shipping,Top Rated Seller,https://www.ebay.com/itm/124548636546?_trkparms=ispr%3D1&hash=item1cffad5f82:g:6B8AAOSwpYJgEnrk&amdata=enc%3AAQAFAAACcBaobrjLl8XobRIiIML1V4Imu%252Fn%252BzU5L90Z278x5ickkp2NA0WuhQytmt4dbStg00DSSlZlNMi8kWS9aSsN2Xtq%252Bbb63LQ732b7BjP2wJ9wcu0OsMrlTI96WAJNQTaTL4ZLJIfBCVoCZ5I7XXPHy3%252BNFq3%252F1denW2nehF5GiwOQPHm8x8KpyTQs%252FSuHkw%252F9hoRterB2m2ntcXLYcs%252Bng2B%252FBEQYwaSmXaLjmqrcA0LqtLEK1%252FyS5bc7R3ATtgrEGxf21m7dEJsthxsCLmMJxaJ%252FIPZbGfEbazT2ELkZg1Eb9eNm9IG1uA0ix%252BXVgW%252BhqgBtlJhTqZDEH2recnKGSGPP63B446c%252BWCg1asdjQutHMvANb%252Fus7wUyFxsxCoPLHNJof51Shc4CI3iC1Xuk7OjdsF76GI%252FM%252BRDRhBClNK0%252Bhna3vx%252Fpq6sSCHkHroxWYZ%252FU84IF%252BrKKF4PRKxI0EyWZ7cwpRd4sJRVlXJ%252BTd66SI1JfY3jA8mMPd5%252F3G1C7txf8M7dzTGDf8QD%252FWW%252B8q56iZqYuEKRfKgIDdDqy6yF8gmJ%252B37km39f2n0x5AIwvBpBYYnGeVUeyf2kxOs3mIn6kOEgSKxnGkJZHqBn4hTJLaO6AG77uPUuDtzL7ldvW8VvYXma3UVKtqMC0fAFc8mZ98uMyL6U3a49SajW2oFO1cjRts9p19eaV1z2mK30vxYUPl7hnLCMQAXzwJy%252FVH58aI96BDvkfRzNJAdcUTWBxLxGfO9OErkp5bLUk4GLRqAOHWUqId6%252Be6zOTCf%252Bviiqj4Pl8b7rhbZN%252F5So7GlCt8CYWVDIZJGzsJCX%252BfPMVyJw%253D%253D%7Ccksum%3A1245486365460b5b5dcbb7234efcbb468eefbfd2dec7%7Campid%3APL_CLK%7Cclp%3A2334524
New ListingVINTAGE RAYARD RY121 BY MARUMAN Mens Watch STAINLESS STEEL BLUE DIAL DIVER,971428.57,"+IDR352,571.43 shipping estimate",Top Rated Seller,https://www.ebay.com/itm/114830049515?hash=item1abc6780eb:g:8-MAAOSwKhtgsnz6
New ListingVintage Ultra Rare Gents Slim Seiko 5Y80-5069 Unique Black Dial Watch Japan ,1428428.57,"+IDR257,000.00 shipping estimate",Watch,https://www.ebay.com/itm/174785709237?hash=item28b20a44b5:g:okkAAOSw4YNgsm3G
Citizen Sport Men's Eco-Drive Watch - AW1360-12H NEW,1285714.29,"+IDR232,714.29 shipping estimate",4.5 out of 5 stars.,https://www.ebay.com/itm/391854525329?epid=22030521713&hash=item5b3c598b91:g:bUcAAOSwE~xa8aGa
New ListingCitizen Womens Watch FE7043-55A Eco Drive Crystal Rose Gold Tone Stainless Steel,1272714.29,"+IDR254,142.86 shipping estimate",Top Rated Seller,https://www.ebay.com/itm/203476916623?epid=22027696803&hash=item2f602b598f:g:ON0AAOSwaqBgsmP6
Citizen Crono Aviator Men's Eco Drive wrist Chronograph Steel Watch with Box NEW,1142142.86,Free International Shipping,Watch,https://www.ebay.com/itm/144045510062?hash=item2189c80dae:g:54wAAOSw19Ngplnv
New ListingMODIFIED MEN'S RADO DIASTAR SEALED DAY AND DATE AUTOMATIC EXCELLENT WRIST WATCH,14142.86,Free International Shipping,Time left,https://www.ebay.com/itm/194167108369?hash=item2d3542f311:g:cd4AAOSw2R1gpOfY
New ListingJudith Ripka ODISSEY Floating Crystals Turquoise Leather Watch Gold/Stainless,1142714.29,"+IDR336,428.57 shipping estimate",Watch,https://www.ebay.com/itm/234031002116?hash=item367d55b204:g:agYAAOSwRqtgsqiV
New ListingNIXON October Mens Black/Red Swiss Quartz Watch ,857000.00,"+IDR366,142.86 shipping estimate",Top Rated Seller,https://www.ebay.com/itm/164889119230?hash=item26642849fe:g:UKMAAOSw46RgdxiM
New ListingDKNY NY-4255 Crystal Gold Tone Ladies Designer Bracelet Watch ,1125000.00,"+IDR371,142.86 shipping estimate",Previous Price,https://www.ebay.com/itm/144056999604?hash=item218a775eb4:g:XX4AAOSw~69gb1yx
New ListingOrient Flight Blue Dial Men's Watch,1182592.86,"+IDR1,182,592.86 shipping",Watch,https://www.ebay.com/itm/334020147296?epid=13020044978&hash=item4dc526f860:g:SuoAAOSwOnpgsYL8
New ListingTimex Women's Watch Quartz Gold Tone White Dial Leather Strap NEW,269714.29,"+IDR258,714.29 shipping estimate",Time left,https://www.ebay.com/itm/194168695649?hash=item2d355b2b61:g:82gAAOSwh7RgagAW
44mm Tandorio sterile black dial Japan NH35A Automatic Steel diving mens Watch,1371428.57,Free International Shipping,Top Rated Seller,https://www.ebay.com/itm/114657852447?_trkparms=ispr%3D1&hash=item1ab223fc1f:g:SkYAAOSw6WZgrKOl&amdata=enc%3AAQAFAAACcBaobrjLl8XobRIiIML1V4Imu%252Fn%252BzU5L90Z278x5ickkAgU0umhwUTmgTFbE5cu7zU4aDYkgY0vcOzgklRR2jUI3Uufm9ekTc0hR2676GdlCtmAcuKyiSq9Xem%252BjqEseWoBeer%252BqQ93Wg5P976D2LrCzrw8UwDFUz5r2k4Om2h1nbKnFSi5dcYHpsAZGWJezYMmU%252F0wwxDoArKQH91Xj3K4A2Z1r58QwVe3pfhxLAHtFzr686hM5wYCguWdbsY9ZqEBJcri9Re4IHDiPZ66Oos9dX0KUFkzLKmVynS6OUPKxzcgSdNfH7h%252F79t2MpIE2YqMr5OV16aN%252Bcn3oBwDepfwbnHKx6hvkNPpiWXFkwot76LtCwLRQ9xIeMvhi4FG1Gtrm915x5rDHPXptM4touxJ7Efcz1g2x2yjGZCSs3sZGYZGyCMfe1rsZl59hzwNAJSY0HQ%252BzOndUqnv%252B5BP4%252BVfFL6JZPROglk5ODmEMvh1hckxlzSJz293wuVXT77tUJhtFWO9ffHHR8ic3RLHK1fKlTi7GVpx78WJ4BnZ91S7a3HKUL7UQakWx9qk6a1k%252FGOmB%252FQ6obzullhzheeN7ofUXRyHLqW68y1JW3YNyQuLJCVKTYn9WPhcVhbNeW0OOWAlHkLBl0LY7%252B7R2gRwkFb9cFIjLYJM44w%252FGzKxaS358aqoqjtHHUcI2MR2dsXwN9TbDr%252F5cnOKgNNFHZOSVz8qxzI4MUJHr1qEhinSaUgLBgnp8HJNRU879SVkyBS9iCEn5UlJs357RhPvHtGZcZ38puXto977nEdVYZyxGAfzXYbilz7j1F1flams0pO%252BCSg%253D%253D%7Ccksum%3A1146578524470b5b5dcbb7234efcbb468eefbfd2dec7%7Campid%3APL_CLK%7Cclp%3A2334524
New Listing~COOL~ Pro Diver 32058 Quartz 43Mm Purple Dial & Silver Case Unisex Watch,1649285.71,"+IDR389,142.86 shipping estimate",Watch,https://www.ebay.com/itm/304014634415?epid=18042182141&_trkparms=ispr%3D1&hash=item46c8af2daf:g:d2kAAOSwrI9gsmkF&amdata=enc%3AAQAFAAACcBaobrjLl8XobRIiIML1V4Imu%252Fn%252BzU5L90Z278x5ickkpFtSR0CGv%252Bh98r8Yb9quS%252BBz5gBa7KFnYg5VA%252BrM93hvwV5jHJM1LwEsX3p7qccb779wAZz0g4sHz79JoA03Lo%252B0J2t%252BSADWydEHgYv3sEQ7ujlNyv8olBp82xm8Vsnr6sZxDfE5wRyrsjtEVGQLwNdfDdd6H99rtOZlwtUr659FLPHl56Qfbe%252Bk%252BzziXAGmCTKU6wLtGVS2eLOZ2UBiX%252BLayfW0JsjzZUI2hIxE5VdVD9pEA7aR77EtoXUP%252BwwJw3T2DSEGsI8%252BpDj46G%252B%252BeLJI6CE6Euc7sBl%252FCw3mdlCt0bIagCx54pApw%252BGdZmcL7c83Lrh%252FyNaHtTj3YX87vBS5dFyq8HTdsrA%252Bo8kfwc9Wo9huVuMp45KDtEjFq9IFW1VusNZDHhhb7oCX9s1iA%252B5WR%252BCM7ePOdMOPLp9U08FdQ%252BHl5t83wRNoCtwEAadJLqfmoPmpt3mWNQmkWlQUSOFc9QN5TfVe%252FeU8phSODzufJArLKdPVygxjN0%252B4XvHhl3pIOZhtsDjlQJUgIEwdPGrpnylfWtKiK%252BCxkD7tI%252FVXcrICLrdSKKxFvjmuY5TV%252BS%252FlEO1KSkjszXEYVn9pK%252F8prJ6NrwCj4iQIAIR8wJCe%252BvW%252BdxNPnxig32z%252Ft%252FYYabO8x1tQrgPKSM7PHOe9sSnGM%252FiW6nhGhK%252Flh1RRfIg8SetqMZlgszHCX%252BHYu%252B2e539kKTdAHo%252FscgPHYhAjuGh%252BNaaZu%252BXmGqviN4uUiKJqGvfTidNgH1n2eudCot0HL3Ja4QwIGEwlzVjCPXdCrg%253D%253D%7Ccksum%3A30401463441540754d84086741cca3e30eed63b31d2d%7Campid%3APL_CLK%7Cclp%3A2334524
New Listing~SALE~  Invicta Mickey 27390 Two/Tone 43Mm Blue Qtz Chrono Unisex Watch,1677857.14,"+IDR389,714.29 shipping estimate",Watch,https://www.ebay.com/itm/294201469338?epid=11028442502&_trkparms=ispr%3D1&hash=item447fc6299a:g:zYgAAOSwkwFgPCc2&amdata=enc%3AAQAFAAACcBaobrjLl8XobRIiIML1V4Imu%252Fn%252BzU5L90Z278x5ickkvjzWOStkxwnlDuxSI1PVVtggm48q30b%252Bz6X0wMUUGn0xDPtpXpFNHiOLvBgmkXFUbu1541UnhHuf8F6jO5ZJG%252F8pOt0iWRzUMXTUhZX2NJU%252B%252F%252FpjoBhUwe2UmcwOJ4KHG04HEAvfOgSubrcnWYur1gOF3xsp9u36%252Fr5REcuq3z7FZ1nuq7YMdUyjpfFXQwb%252FbGAepvOWXDcAic7uRnQ0DKusTb3AY9QzPb1DCGbJPyx7kjYRPezODmVPigWJl6tBD73OfKhL9KKlSTziuYdfKuYfXvOg%252F2JdJnOqdzdW2Kz7qRXWAZOw6WbFyl%252BCObx%252BMyrqTtAn6mOGuchDcMDXvxtQHwhXxtEMppCzeFcezu%252BCsKN3AjwAv7UzlDnm3HWqBxbqEswJuwa7L0NwpJU1lBgREM95sIaFfRTGcYdX3GV1W8pjrM6cBWRf%252BBa7DB5zrowb4LN3yqui84rynXUc%252BUJp0Np9JILHAsbTGHgN1ZQsB9%252Bsx74%252BPVicpWHBFwDXYnB%252BGF6OdHB69DzEo2XXZ0VnZiQFtqukCLNzcZQtAXZmTEaHBXTr7uwL3w1v72W86%252FeUL%252Fzbx6hSjct8TQQGmCMA0FBh8gIyAuJdxDVvRo6EWJ1x577pSsE0E5y99tLl%252BtemvbywUFw1CtTF7uYpAVshGNhrdCt%252FjnIu%252BV4FGTVay04WSgSF9956tfnQYtSEYHnFps6qOftnIaPZaWeYs%252BJ6eXSL9rnhASNsvQv%252BBqzDEiC7RkxmybkbyKP0EUMtbPdbv7YV%252FbN%252BKGkbhAYg2Q%253D%253D%7Ccksum%3A29420146933840754d84086741cca3e30eed63b31d2d%7Campid%3APL_CLK%7Cclp%3A2334524
SEIKO SEIKO 5 SNKE03K1 Automatic Men's Watch from Japan New,1971285.71,Free International Shipping,4.5 out of 5 stars.,https://www.ebay.com/itm/312204370552?epid=6043788189&hash=item48b0d4a278:g:MPAAAOSw6rda5Jkk
"New ListingNOS Vintage Sandoz Mystery Automatic ""Unworn"" Men's Watch Swiss Made from 70s",292857.14,"+IDR500,000.00 shipping",Time left,https://www.ebay.com/itm/124748452455?hash=item1d0b965267:g:J8YAAOSwbdxgQWFs
New ListingMens Flywheel Bridge Movement Automatic Mechanical Watch Silver Blue Deployant,1485714.29,Free International Shipping,Time left,https://www.ebay.com/itm/203476357931?hash=item2f6022d32b:g:YQcAAOSwkINgVRyW
New ListingMens Automatic Mechanical Watch - Silver White Dial Stainless Steel 13868,1828571.43,Free International Shipping,Time left,https://www.ebay.com/itm/203476358681?hash=item2f6022d619:g:iuoAAOSwrtteXtS5
New ListingLEXIBOOK  VINTAGE   QUARTZ WATCH  NEW,243060.00,"+IDR587,192.46 shipping estimate",Time left,https://www.ebay.com/itm/174785623150?hash=item28b208f46e:g:e9YAAOSwhVFgslZU
New ListingJARAGAR Men Leather Self-winding Mechanical Automatic Triangle Dial Wrist Watch,202347.46,"+IDR101,275.00 shipping",Time left,https://www.ebay.com/itm/164889659915?hash=item2664308a0b:g:LaQAAOSwc-tY5Lgu
New ListingCasio G-Shock DW-5600BB-1 Black Resin Digital Men's Watch,797142.86,"+IDR223,428.57 shipping estimate",5.0 out of 5 stars.,https://www.ebay.com/itm/184861486250?epid=12032149141&hash=item2b0a9a6caa:g:3pkAAOSw9odgpHpG
40mm BLIGER black dial ceramic bezel NH35A Automatic mens Watch sapphire glass,995714.29,Free International Shipping,4.5 out of 5 stars.,https://www.ebay.com/itm/114303551653?epid=3042217541&_trkparms=ispr%3D1&hash=item1a9d05c8a5:g:SRkAAOSwCwJfYtiB&amdata=enc%3AAQAFAAACcBaobrjLl8XobRIiIML1V4Imu%252Fn%252BzU5L90Z278x5ickkAgU0umhwUTmgTFbE5cu7zXN7YTSf1wdpyh5oSt5cetaapmnqyPYbSULQDVeTBju9PpNMIPgJBreOdeT1wkkQypMqpr7ub3OeMrps1SGJVoQkPUjR%252BvSfRPoiai2LG4yOiIBbmCVViSTOsYFZtD13380VArebudjxtDlnYKM81ja8grHcXFR9Rg0mR8LdC6Gg1Ao7gZyimn2T2RChv5TzowYfaF46wsBwMyFLAZzZ%252BpU9Eh459ViTP1UEaUioOtLOGJXp4MSNxlBHtBlNQzWujHZegh8fuf%252BMBiXddDS6uR8eTmp6coSQJjf5L8oy0SFOy52J64nhNgrFIKfPw1D2%252F0BINwFhWhKJvl3OlT23yJZ6bDscdkvDleSJjw9jPZa%252BPQ9VPXbN8AUDTr8UKpy3XPbrhxXmFNBEI9xWSngEtSdo9ZoX%252BhIhcWqNjg4QHkUBz%252BOAkYu0d39d7TZ80rZQqme4quDy7FCHNQQREND2eab2qyC2EqO9bhgEH1bfhhqgcgJCTwDtLCbezPBE6BF3n4YQYPA%252BXR%252Ft9TJQoxmdvh4WDM465vaNbu%252FdtquNSJewMxkOuiHXuk6unHMz%252FY5z%252FkyQG7Kb3vpeTnD53o5vEAmsc8%252Fy%252FXv0LSFTlAS7mV0a50mm3e%252FA%252BMZHDOgQXfI16Dkmi5K%252FvphfDW5b3KB7Xkn5h6zploQMNMNrzDT7LcAhUJmimRg3dDDKkGxE97%252F7uGX43qgEyxhEX%252B%252B%252B9QWm92%252FWAoChuiyqXSSTszvacw1khD0GuYrhCumRgDddPAw7PQ%253D%253D%7Ccksum%3A11430355165340754d84086741cca3e30eed63b31d2d%7Campid%3APL_CLK%7Cclp%3A2334524
40mm PARNIS black dial Pepsi bezel Sapphire glass date GMT automatic mens watch,1160714.29,Free International Shipping,Top Rated Seller,https://www.ebay.com/itm/113174191464?_trkparms=ispr%3D1&hash=item1a59b51d68:g:7RoAAOSwbhFbXYfT&amdata=enc%3AAQAFAAACcBaobrjLl8XobRIiIML1V4Imu%252Fn%252BzU5L90Z278x5ickkAgU0umhwUTmgTFbE5cu7zY0C6XeyJgxdWQVzGdrEAoVdhT9USYin%252F05tHoyEhqUCsObHTU2Hf5SMIlFsSLbvLtcHjez%252FEkvtH75wCq88MQ6WccPoDhiBhLC%252BrqEMuYqFZrBffhH6WCG3Ry%252FYpkpsn6jMJHKPOFW5A2u09N7SXw9kameuQAwtGkoqFIkSjFbU2D3js7oDxFAKAK9SVbsH4aLABxzwD9FQHrXGbSLB8fEod3C3tuhPpX0NDDn%252BNNXpyK%252Bt%252BN7VeVrUPtteBsd49%252FEKpH3kLYmUXoucY%252FmK8HYwfcNezzj3WTQVKX6%252FL397rIMyyh16vBq%252FIFCzrozIsK85OOlHs%252BcMW%252BdxUdYJ6%252BRpTlisiOwF7%252FYuC14EU97T%252Fu3MKi4rrfb%252BaagnK5ZiCROQtznrX8KNUzJj8u9vdRkA5%252FxTD63SCDLIhqUZQ1KIvGhJHbm2agPQquG3Yq8orb8pIbM8VN%252FBhIABlxpAlmaSuUH2KhmoN5XSbQB1r2I2P8Yr0a%252BCrAUwp%252BtOt4QkjURrsFjFbZhHTWv6t69DB9Ooyq5B%252Bh8cqeTIYGgNKnyzO%252BYYYTH%252Bft3h%252Brbzmc62LwAH%252Bb3%252Bt8%252Fhg5zulSlXgR14b%252B2lqVOgnHba7calwwIkW0AI53yN2lqFpV6NTgnJr92eTt0Fb8Aie2zSnjlsINpLN6H6uWkPDHdIsf6PRqUon%252Fvwr3Z0Mf0f%252B2jHFLFwrQWbD%252FGOqOX1%252BAsMgurcYL3VBfrip441Iswe1NFmC5xPvUfzTUG%252F99VBTASyYQi%252BGw%253D%253D%7Ccksum%3A11317419146440754d84086741cca3e30eed63b31d2d%7Campid%3APL_CLK%7Cclp%3A2334524
New ListingBulova 96R230 Ladies Diamond Accented Blue Mother of Pearl Dial SS Watch,1514142.86,"+IDR258,714.29 shipping estimate",Watch,https://www.ebay.com/itm/224479044575?hash=item3443fe63df:g:qLMAAOSwPVRf-Ja7
New ListingInvicta Grand Diver DC Comics Superman 47mm Automatic Blue/Red Wrist Watch...,1414285.71,"+IDR618,428.57 shipping estimate",4.5 out of 5 stars.,https://www.ebay.com/itm/174786041740?epid=21033925525&hash=item28b20f578c:g:ZOYAAOSwTqRgstzR
Invicta Men's Pro Diver Automatic 100m Black Dial Stainless Steel Watch 34312,1660428.57,"+IDR261,428.57 shipping estimate",Top Rated Seller,https://www.ebay.com/itm/194142068985?epid=20046118989&hash=item2d33c4e0f9:g:ahcAAOSwA~pgpfTt
New Listing! AUCTIONS ! - CONSUL - WATCH - SWISS MADE - SAPPHIRE GLASS - STAINLESS STEEL,700000.00,"+IDR400,000.00 shipping",Time left,https://www.ebay.com/itm/184861449588?hash=item2b0a99dd74:g:rMAAAOSw9xBgstBn
New ListingNOS CASIO SHW-102 [1320] SHADOW ILLUMINATOR WATCH 100M JDM VINTAGE AW AQ AD MD ,1714759.64,Shipping not specified,Watch,https://www.ebay.com/itm/124748589271?hash=item1d0b9868d7:g:m1IAAOSw6b1gsuik
Vostok Amphibia Automatic 120656 Scuba dude diver MEN Russian wristwatch,993428.57,"+IDR500,000.00 shipping",4.5 out of 5 stars.,https://www.ebay.com/itm/224268943975?epid=1069782062&hash=item3437788267:g:5XwAAOSwdq5gfFHP
Timex Men's Watch Command Digital Black Dial Orange Rubber Strap TW5M26500,428428.57,"+IDR257,000.00 shipping",5.0 out of 5 stars.,https://www.ebay.com/itm/333732586934?epid=27035302922&hash=item4db40325b6:g:tJsAAOSwnEFfqXfS
New ListingMEN'S CITIZEN ECO-DRIVE TITANIUM WATCH,1285714.29,"+IDR392,285.71 shipping estimate",Time left,https://www.ebay.com/itm/144056703796?hash=item218a72db34:g:p2cAAOSwa7hgSpBx
New ListingWOMEN'S CITIZEN ECO-DRIVE WATCH,1071428.57,"+IDR388,285.71 shipping estimate",Time left,https://www.ebay.com/itm/144056703580?hash=item218a72da5c:g:H3EAAOSw1qtgSorH
NEW Invicta Aviator Men's18K Rose Gold Plated Blue Dial Tachy S.S Chrono Watch,1257000.00,"+IDR396,571.43 shipping estimate",Top Rated Seller,https://www.ebay.com/itm/122242445890?hash=item1c7637b242:g:GqYAAOSwFZtbQ~AP
New ListingBroadway Two Tone Watch - Women's Watch - New,85571.43,"+IDR297,285.71 shipping estimate",Time left,https://www.ebay.com/itm/164889632200?hash=item2664301dc8:g:IfkAAOSwHYpaEJOB
New ListingWatch,842857.14,"+IDR300,000.00 shipping",Watch,https://www.ebay.com/itm/154472417574?_trkparms=ispr%3D1&hash=item23f7460926:g:MLwAAOSwyd9gsnzm&amdata=enc%3AAQAFAAACcBaobrjLl8XobRIiIML1V4Imu%252Fn%252BzU5L90Z278x5ickkxGz2ccqatkEnoeekHqhLkXfhDgbCX84ZzwbjPUC1KAu9exFtQ2KDIvZqPT8%252BQd0iT4fDX8ds748mYCCJj9V%252F21N9WOdXU1WgT0NWUWkAuiqZFoY4DK4iGMjRKXha98PJ5e%252F7r1XuS9pXR2xmtoqa9p1W%252BcRlKR3VyLIguS19fRn8wHftLZIWfVUYstMomCffX9m2FTri7H%252F82URxPHCxdTmD034E3DQTDFIa%252BxS0pP%252B9%252FLLa7IZ3PuJDMHaPjYNof48m00s2f%252B6xRZhEzzWHv%252B1O0IXsI6ma61QmIWjik27yV63LuHVGFt9MefvznkhijgOa50b6HUG5x%252Fg4JqPPwZb3WuhQHLoVQ7n7dP5GwjQaK8%252B6HGvy09ud2uSnBp9DOUmXNCj7wns0l8%252FCyrFzUVDlnBe6pJI1Q1fLCzncWLpLZzLDLHuynBEUqFYvpjnQEsr2S4akW0AaB1JtBKCPZcPktXpVMu4Z56DLyRMwFkIXYjWgBRDUaFqvoQf9QVC0d%252F4VtxGwY%252F%252BztIKujrq0pm8%252BpqWMxxa%252BNc5z%252Bk%252BD7XFU%252By8PHWaAyNfSqMlwyeP7Y%252FWklowKSVAAb1etMu9nKjafboUkhNwATaNQb%252F7%252BxUprM6famoh0cakSfeLZUYtyUfNI9A9GeQx4FXWhQVv96s456i7xUrfp2c90yi1oxZcJQi2%252FYdEnrOfsIZWQCZxn6pMp52Ssf94KGe4UgSVW1m6olmC%252FF3RRPlJrYR1kVyRR8g0mxrJ%252Fi69eh8fuRTa5J586YX%252F%252BUTwhKk1RtMOFzQ%253D%253D%7Ccksum%3A15447241757440754d84086741cca3e30eed63b31d2d%7Campid%3APL_CLK%7Cclp%3A2334524
New ListingBallast Wrist Watch,1478615.00,"+IDR613,726.50 shipping estimate",Time left,https://www.ebay.com/itm/114830176026?hash=item1abc696f1a:g:owMAAOSwa0pgeHBl
New ListingCortebert Mystere Watch,1785714.29,"+IDR285,714.29 shipping",Time left,https://www.ebay.com/itm/124748545115?hash=item1d0b97bc5b:g:Q0AAAOSwD5pgst4x
Vostok Amphibia AUTOMATIC 710634 SCUBA DUDE DIVER Russian wristwatch new,998571.43,"+IDR500,000.00 shipping",5.0 out of 5 stars.,https://www.ebay.com/itm/224268928112?epid=4031084183&hash=item3437784470:g:h3sAAOSw7c1gfGPp
New Listing100% Invicta Reserve 0338 Grand Octane Swiss Made Sapphire Black 58mm Watch New,192857.14,"+IDR257,142.86 shipping estimate",Time left,https://www.ebay.com/itm/224478991368?hash=item3443fd9408:g:8boAAOSw5Dxgssn8
"New ListingInvicta Pro Diver 8926OB Men's Automatic Watch, 40 mm BNIB.",1812619.96,"+IDR510,426.00 shipping estimate",5.0 out of 5 stars.,https://www.ebay.com/itm/164889588620?epid=25010445231&hash=item26642f738c:g:PJYAAOSwrptgsrne
41mm CORGUET black dial ceramic bezel sapphire glass miyota Automatic mens Watch,1257142.86,Free International Shipping,Top Rated Seller,https://www.ebay.com/itm/112076063227?hash=item1a184101fb:g:JmMAAOSw4xZcvSO2
New ListingEarnshaw Mens Wrist Watch,1174790.00,"+IDR608,257.66 shipping estimate",Time left,https://www.ebay.com/itm/114830176028?hash=item1abc696f1c:g:gdMAAOSwk49geF1A
New ListingWatch,1000000.00,"+IDR300,000.00 shipping",Watch,https://www.ebay.com/itm/154472409765?hash=item23f745eaa5:g:0vcAAOSwmfNgsnEZ
New ListingLimit mens watch,405100.00,"+IDR559,848.20 shipping estimate",Time left,https://www.ebay.com/itm/174785819446?hash=item28b20bf336:g:14cAAOSwRb5goB07
New ListingELINI BAROKAS King Chronograph Men's Watch Brand New in Box,1271428.57,"+IDR367,571.43 shipping estimate",Watch,https://www.ebay.com/itm/114830359517?hash=item1abc6c3bdd:g:lBoAAOSwIHdgsuV7
Invicta Women's Pro Diver Analog Quartz 100m Stainless Steel Watch,796428.57,"+IDR246,142.86 shipping estimate",4.5 out of 5 stars.,https://www.ebay.com/itm/203314686519?epid=24038120036&hash=item2f567fea37:g:UwAAAOSwyfRgfkYj
New ListingDisney MICKEY MOUSE  Watch Wristwatch,1642857.14,"+IDR142,857.14 shipping",Watch,https://www.ebay.com/itm/203477274243?hash=item2f6030ce83:g:YMYAAOSwUNNgstfD
Ladies Timex Indiglo Silver Tone Square Pink Leather Strap Analog Watch C3,414142.86,"+IDR276,857.14 shipping estimate",Watch,https://www.ebay.com/itm/164786426927?_trkparms=ispr%3D1&hash=item265e09542f:g:DNoAAOSwGRFgYRNH&amdata=enc%3AAQAFAAACcBaobrjLl8XobRIiIML1V4Imu%252Fn%252BzU5L90Z278x5ickkfOCvCjTOBWK8pwriaolq5mXdeu5ZCHVR%252BKdUjE6aKULww9ygLBAqj9yr71aYwqO%252BtPMt5fFjdOgjOkPTGnZg4Nhv8z3P7BbDOUNRyJ%252Bw%252FTR5n86XnN5yt1VF3PBJaGYdyCBkahJrbQ1%252BKZgtr0dtSzlX9RhkTutNFFl6vTzRjNHYRXtQBb9T%252FqdJGzY2Ja9HSwb5oKr3sC6dJllW5ulRPZdfLX2BoD33lXfIGvu7Y06oG2Yy6jQ5%252FVRfHOC18G0O0%252FB%252ButpA1shIB6l6pW6wRSatCDbyQoM6xpfwSpQd5J1kdQDHvOzkKopW4Na1ETcFXrYjKuVEwOUbaOQZtOIrRblWdQUGFx6s49dxrR34V9akEjVE1jafOrGFZv%252B9J4XwBO%252BdWQCk2GRjEzsP7ilHPnkII3URPNEa5bIHONK2PN%252BLcYYWlZvm7OoNBOe8AYddfSgH3IOKFi%252FdNo1E6BVpIZyMhK27yJd1PCrJUTrVa%252BpeUzRuzCzr9LFD6JcfZZGqA1urayAQHA3%252BcYLw67Dy%252F3vwHXMKT%252FcaWtncdMVY7Bz8dQdZq9DGSCnNNevBBWDBlfA0pkQLzl16CqkiUnN4URvxzHEvqStUHbiddU7sRGQvzrIHzFiyX6x6K0uyCL1V8q7DfbJ8RtFBFIhl0Kg%252FELAL050WNWEHM%252FXsAZ6Zxn%252Fksppm1%252F7orp8mmkLFt5r1ZNuMgfApzIgCOBjn%252B5tzSx%252BLuOnlnGAhDdNuHZ3IuyVv%252FuuYbZjow8ApGaRg9l2EwdvYQgt9hFM3sacuGdic%252FA%253D%253D%7Ccksum%3A164786426927e1680d6c0d3e47c7ad6f4555f4f16c7e%7Campid%3APL_CLK%7Cclp%3A2334524
New ListingAvia Ladies Silver Tone Watch Bracelet New And Boxed AV7182,506172.46,"+IDR486,727.66 shipping estimate",Watch,https://www.ebay.com/itm/334019896573?_trkparms=ispr%3D1&hash=item4dc52324fd:g:lwAAAOSwfM9dPLd-&amdata=enc%3AAQAFAAACgBaobrjLl8XobRIiIML1V4Imu%252Fn%252BzU5L90Z278x5ickkCrLl8erj3ATP5raQxjc%252F%252B0Sn5tvDbMxZZoHhvBRw53uL7yNiW5QM05Nf62A9IPl3j2Myp0cUevxIlLz1zwqYFQxq1%252FoTC2qG7%252Bh%252B6bibnJPUVW2us3yBHgvbbA2gWoSVAu7Xu2cqtCuuvHuQRbRJefTKdaKWhDcqwHY3wABBwlg6buhNT%252BOkepl49fvRNt500uzsac8BphOaWS4VzNYlxIiWRZ%252BscnXYVLYQprbDJpmve6dKUs2hRAsZ810MgOVM7LmW3Pi3DlEScGVP4Xc3z5aYT6AedNxe3anQtEQ3Em%252FGV2BMDGdLYErxTGVEIHOeNCTlaH%252BiR0NKa09KnGUDmW1qAk8TiwdId1P0FLIngM4pYyIIIw03SdnLr5UGI4tBu5QY5poWPVUzajt34pNWJf3xiu%252BAPhLfTGRaHkTQCWkfy5UZ97eZIpevTP7odhjCSz93%252B5spJtdm5UVKlbNbfH2dZcD0Vmo5xqUiVTvJ0h5jFC1Y0nzXMaN6eZ53lGYuFtOoWDZJuwE95PGC6GJBPd%252BYeW79pbHx1BpTEWFObIk%252F8iFaQP8niiIjVTFUwdClp524QR%252FKwhYHMoB1khv8UumT2DR80xf2eKOS1R7P%252B3wiv14tGhDt9a7YnnGgkzjl2TDJSCtg3QYZWOpUOt644NBKKgP6WYiETFft3GJGZsniqTuM5AlU3PW7pN2NUv8mU57nuQxjHWIEgLFgMJA1O1Fdw3%252B6XNh0dMTwa%252FKdf36e2oKB5vRoq%252FzONsff%252B0DvX0SWBxlWIhAZDfQs8%252F2K3yWfM22GkSEpS2hvcxQvuq0%253D%7Ccksum%3A334019896573e1680d6c0d3e47c7ad6f4555f4f16c7e%7Campid%3APL_CLK%7Cclp%3A2334524
Watch Pobeda Sturmanskie Vintage Soviet Mechanical WristWatch Yuri Gagarin USSR,1228571.43,"+IDR171,428.57 shipping",4.5 out of 5 stars.,https://www.ebay.com/itm/114744084266?epid=729440788&_trkparms=ispr%3D1&hash=item1ab747c72a:g:p34AAOSw0EBgYFqN&amdata=enc%3AAQAFAAACcBaobrjLl8XobRIiIML1V4Imu%252Fn%252BzU5L90Z278x5ickkAgU0umhwUTmgTFbE5cu7zZWfWyoPD6GJl7Ig987cQ4MEcyV8oGdybkNj7KoQvuOmgk6%252B%252BvgvB7%252F4R2hj9M5VhHIEtCzMeMw03ZGhFnCrAzPqOPhsrw97dd4JB9cTdQtiRWhaQz75LBQ6jdRIDW8dPb2RGSCb5emdNuOcYOuAlyl7ac7TOHlnkYGGo5HG3t%252B8aBhV0dbEN7ZuXHy%252FRyPI6dWDIx9OqyXQr15U9GqclWtiHfylXh9ODEHxwCGBA%252FPr%252Bj4TtO8OoBpWGPprZa6l3Qd0%252BveuILlVXtznUMWyJGGPXJLbOcz6n9b%252BM9rmkDn%252Bn8p1gWM74sDKiZf%252FE69L1wVlXKm%252Fp1Ivow88aLasYYy9c8DnejslMiP%252BRGaxzz0J32tLASG09NMjzIseX4T%252B50tgE6bIABvEDo1OyLTcYjnZubzND0JHxruRRqHW1yzC4o1SOf9kmxWY%252F6h%252F93YBGKGeZz9F1pZ8iyLuUMpIfMndQRS3HVvrEq%252B%252F7rtUc5kbco7thB5mxnyQbXdiIelMdY9wrAoAv1QtOPgU6YEQ3yyAl1VsBSRsQedMHHMGYFU%252BqF2Vf%252FDwB2lQCc%252FHZvcRR6NExPT6Uw8Q4Un2HoCPPUtwAvs4VRq9IRJnPpBiCExN%252FN7BXBsufszx0UNBr0GULAZZse99fEo%252FzdW9Hn%252BkJG4bznul7cdXEIAZL3glE0FRiWqRqfMlcXRYnw9vKzLyRoBoLyAktqKHdZ6aHyjhaQXDVvgIWJjVtdItrge9dyJ4%252FgiVbIdnDd%252BItH98Lig1SA%253D%253D%7Ccksum%3A114744084266e1680d6c0d3e47c7ad6f4555f4f16c7e%7Campid%3APL_CLK%7Cclp%3A2334524
39mm Tandorio black dial sapphire glass 24 jewels NH35 automatic mens watch ,1092857.14,Free International Shipping,Top Rated Seller,https://www.ebay.com/itm/124603571068?_trkparms=ispr%3D1&hash=item1d02f39b7c:g:vkYAAOSwyWdgPK5f&amdata=enc%3AAQAFAAACcBaobrjLl8XobRIiIML1V4Imu%252Fn%252BzU5L90Z278x5ickkp2NA0WuhQytmt4dbStg00LRxwSC6tR75u4muTbZ1O1fEUp7Apg5UClQ1DmzZb%252BLb1O1BRaEhcYzgROE2RJvC8eT2LdIQiv3LNhtqpRr8tWmZ2nIrNsyB%252B6wht0tKazXwc8iuW8qtib%252FSf5dg%252BWdQKZyfioBpcbY%252FY9OfxJnQFYHD7LtAV68lYKPxS8iqt8A8uCRFEd92apyKWlWJoSoou68l4pC1a8KxCmDU7UQG7YwLbPm29BkGpZW3qXKwFdsJ8IPQxwbgwNC4XkcMmRzWiwaEbzlrpU4zDXBQNw3dVKWkKT5ElB5Qam%252BcyCeo2mj%252FZGj8CZScZXBShLMwPUzMe3Mjs4ysjH1ehnNUqZnNoj%252BKDy4WW%252BlV6xKeSZ6h3bJNYFUbagvyD6t89AuBpQIjmj%252FbnFhE7zh8E7hFNQSbnqhmOutRwpqnz5EeNfISzGGaMe7vnsBOoEwuKE%252Bvc3%252F9KGVb%252BJ4EtNdywocBek4I6MOn731p29SSCRiKp7CuCfaylHLbVeK8okVBmJToV914Rj2RdOe7g5EPYMxgjmuroyaIntyjDsZSMYim64lZOcsYmGYBJnw6ne3MWed3N%252FHU67rynTad6cGQggIb3h6ftXMwdIBsXM4X3tZE973NTTBSN5dr2nfapPEHwZVcEl%252Fh7b7i8%252BbwTWvYA5s4ikqTed991%252FXI8SW5xW8JC26P98u0mEcmGSIyWLEA0wwmHXuO50NVQ0pMv41nLvq%252Fg35afxRYJJ3jXABn3cFqXp9DI5lCzdKjeRguQacLcINNRlxQbw%253D%253D%7Ccksum%3A124603571068e1680d6c0d3e47c7ad6f4555f4f16c7e%7Campid%3APL_CLK%7Cclp%3A2334524
New ListingDisney MICKEY MOUSE  Watch Wristwatch,1642857.14,"+IDR142,857.14 shipping",Watch,https://www.ebay.com/itm/203477274243?hash=item2f6030ce83:g:YMYAAOSwUNNgstfD
New ListingELINI BAROKAS King Chronograph Men's Watch Brand New in Box,1271428.57,"+IDR367,571.43 shipping estimate",Watch,https://www.ebay.com/itm/114830359517?hash=item1abc6c3bdd:g:lBoAAOSwIHdgsuV7
New ListingSesky Dimante Ladies Watch By Sekonda,506375.00,"+IDR571,596.10 shipping estimate",Time left,https://www.ebay.com/itm/174785879290?hash=item28b20cdcfa:g:ch4AAOSw97RgXxwB
New Listing1991 Vintage Automatic Swatch Watch SAB100 Black Motion New In Original Case,857142.86,"+IDR463,285.71 shipping estimate",5.0 out of 5 stars.,https://www.ebay.com/itm/174786003579?epid=20011372938&hash=item28b20ec27b:g:I4QAAOSw4MVgqZoV
New ListingTw steel watch box,303825.00,"+IDR551,948.76 shipping estimate",Time left,https://www.ebay.com/itm/133775231124?hash=item1f25a00894:g:wgAAAOSwKuxgso-s
New ListingHUGO Men's Race Black Leather Strap Watch (New with tags).,1356882.46,"+IDR502,121.46 shipping estimate",Watch,https://www.ebay.com/itm/164889143372?hash=item266428a84c:g:NQIAAOSwGAxf8awA
citizen automatic men steel green dial vintage japan made watch run order,514142.86,Free International Shipping,3.5 out of 5 stars.,https://www.ebay.com/itm/143891229535?epid=1110199285&_trkparms=ispr%3D1&hash=item218095eb5f:g:PJQAAOSwsHhf3ffP&amdata=enc%3AAQAFAAACcBaobrjLl8XobRIiIML1V4Imu%252Fn%252BzU5L90Z278x5ickk7d4nremBkvNKtcC0ZwqXDMTg3xEyMh2cLV8IJI5bIUiBfhQIN2PTJYghP6AFb7mzGTW2qE4gH9I70y31kBqruju8cTpCh18hPa%252B5b42EBlEzUlj5U20arKUpuSZUQtY14pWu%252BYm9FfEGnYp27Y48P5OjkrvqLNo8lDWZDY4MAizrU596nw6sP0qT24DPfuqUG95n%252Bldvp4KNzVXZgSQhiIJQ24cixwL868EGVeJUhlkXwbe%252BQpxaMX0RoDVC5bquqxKId3D3a5P1DaqQjl0dQcwIWOZfTRRA9FWCI9TS4T9zoBlr2XL2H4CzYFJaMmWYId4wNCqj8fsGNmBsvgaZ15aPVT4ue7lfMxQvOTbzZ7nSymFk3FIXGbge8nLd%252B0%252BWBeVg%252BXiayWVoGu2yHE39kvNp9qTavWuq2LKo1%252FQUa%252FDEGOf5W%252BrIJGotrbPP65EsM9eUP7lridRvIdFILaB8vxBOLNnU4bP5QOhmCBxxURTs8Up6Ku1LYJFuQxdij287Af8WqtYwx%252F%252FYwHp2Ngam0lU41hpgmJpnBElWeFIYXkyJzfYpxtbtLddnhUZQAZna82KNY3SsOVZh6mq1DXADqyKOer9FtaKF1nNgOa6fSrPfkoRosYI4wvSVlsoe1p0NenS7RAKn3piBdRaGjAAAmf6L1cESbyRNKgbjmR6MLatCowxlmcNl4VxzLJHXuUSA6yeTePjJjWKVgMNvuNYl3BloLPxh6l576Uz%252Bw4l0WP9f4XI7CZNKXYIDIzDqAex%252FhldnOk6McCDHd5aNJ3zpWQ%253D%253D%7Ccksum%3A143891229535e1680d6c0d3e47c7ad6f4555f4f16c7e%7Campid%3APL_CLK%7Cclp%3A2334524
New ListingNEW BOXED LADIES SEIKO WATCH WITH DATE ,202550.00,"+IDR550,125.80 shipping estimate",Time left,https://www.ebay.com/itm/194168530685?hash=item2d3558a6fd:g:aL0AAOSwyX5gsow-
New ListingKYBOE Yellow Giant 40 mm Quartz Watch w Silicone band,570714.29,"+IDR472,142.86 shipping estimate",Watch,https://www.ebay.com/itm/184861044639?hash=item2b0a93af9f:g:ZAIAAOSwcipgBN2Z
43mm bliger black sterile dial sapphire glass GMT date automatic mens watch,1190000.00,Free International Shipping,Top Rated Seller,https://www.ebay.com/itm/124399226112?hash=item1cf6c58d00:g:iAgAAOSwORpfkE5W
New ListingInvicta 0930 Men's Subaqua Black Quartz Watch.,1357142.86,"+IDR810,857.14 shipping",Watch,https://www.ebay.com/itm/154472486672?hash=item23f7471710:g:Ug0AAOSwhAxgsoT6
New ListingLindenwold Diamond Accented Expansion Band Silver & Gold Tone Women's Watch,142714.29,"+IDR269,571.43 shipping estimate",Time left,https://www.ebay.com/itm/124748447252?hash=item1d0b963e14:g:VdUAAOSwdMRgjdav
New ListingCitizen Eco-Drive Men's Watch - E111-S108675 - Gold Mesh Band - NIB,121428.57,"+IDR232,142.86 shipping estimate",Time left,https://www.ebay.com/itm/224478993674?epid=27045761541&hash=item3443fd9d0a:g:rmYAAOSw659gssfE
New ListingKronen & Sohne Men's Smart Watch,506375.00,"+IDR573,824.16 shipping estimate",Time left,https://www.ebay.com/itm/154472535139?hash=item23f747d463:g:pbUAAOSwcyxfffZr
New ListingNew Spirit Watch Brown Leather Strap Floral Dial,101072.46,"+IDR405,100.00 shipping",Time left,https://www.ebay.com/itm/164889440386?hash=item26642d3082:g:RpQAAOSw7J9gq-TS
New ListingINVICTA AVIATOR MENS QUARTZ Watch,1357142.86,"+IDR810,857.14 shipping",Watch,https://www.ebay.com/itm/154472612953?hash=item23f7490459:g:88QAAOSwc4Rgsqib
New ListingIce Watch Women's Gold Color Stainless Steel,1700000.00,"+IDR262,285.71 shipping estimate",Watch,https://www.ebay.com/itm/174785759164?hash=item28b20b07bc:g:fisAAOSwKVhe640O
39mm PARNIS gray dial sapphire glass solid full Chronograph quartz mens watch ,1178571.43,Free International Shipping,Top Rated Seller,https://www.ebay.com/itm/113725865877?hash=item1a7a96ff95:g:Vr0AAOSwJEpcvZfw
41mm CORGUET black dial miyota Automatic mens watch Japan NH35A sapphire glass,1188571.43,Free International Shipping,Top Rated Seller,https://www.ebay.com/itm/124117243424?epid=11041198763&hash=item1ce5f6d620:g:XVkAAOSwOM5ebDf9
New Listing1988 Vintage Swatch Watch GB711 White Window New In Case With Tag,857142.86,"+IDR463,285.71 shipping estimate",Time left,https://www.ebay.com/itm/154472726472?epid=9018171407&hash=item23f74abfc8:g:RjkAAOSwo35gqZaZ
Seiko Essentials Solar Men's Blue Dial Watch SNE491,1714285.71,"+IDR262,571.43 shipping estimate",Top Rated Seller,https://www.ebay.com/itm/123746850826?epid=8046143969&_trkparms=ispr%3D1&hash=item1ccfe3180a:g:6dcAAOSwgxhfH7j5&amdata=enc%3AAQAFAAACcBaobrjLl8XobRIiIML1V4Imu%252Fn%252BzU5L90Z278x5ickkp2NA0WuhQytmt4dbStg00F70W69yTPqddyviaahFiiTeuJ%252FhAwY3F0FBkcCOsHPqZc3unVZzhm91I9x9poNMPM8clrk7HzrGA8Yl3F7rvnvovCPzG1evh%252F9tiz72ooVExaHFspPYqpQZgtwwgA6zfBcozdbob99o%252BDyZQZQs852o3%252F7NwICfNpYFVYUz6m8%252BAwGNP4e12aXupPBiVxKF1FEGvVjn3LZWBtyOyS%252Bl%252BIIYgvr8mnLRqbHcrLrX%252FbkV8vYJh5gzuvJRZjOFlyTBCIEmlG%252Fj3iA0rF35AtVjmCkoh%252F2qkwZZXn9Ivj8jv7b2u1DEaup6KAckAmEhRgsWlkn3uosuklRhyzIR3TfXmBHQZRv8gWbzYp4SxbbS2bu4TBzTYtahmsDIgNEKPneTZ2mDLGcnAyxJWjtKpysHTc2z%252BWrxPlUYlmUr0JAYNXdxIJKtjnfBAycsTLdFIefzJ4ULXWJDPu3%252Bubp1nQvwSWu89iv6AudTvATyIb%252B8m1%252F2hpejuhCywyRMAzfIrqZ12BucQs1DZrCtjnqMcUXCt4OZLWQs00vKQiyPMCH2Ik9jNEipxYG3KwD7RjZvqaAKeTG9Y5hRx%252FCSRlzuei%252FNO2K01XiAi%252BhFc6jHN9CSmkWQK4jM14WCIfSnANHft094iiJeL9YWDGLjAP%252Faqvw2g8Sh50onxEGg79Lu75wMKTIDk0uabD%252Fpv6lOXw7eBhiCZSlvEioLhK6%252B7bLbiL%252BDWTZZcYvSE9%252FctGy7aJ1%252Fk7fn1zOEv6dRXjfShFIkPmFXkg%253D%253D%7Ccksum%3A123746850826e1680d6c0d3e47c7ad6f4555f4f16c7e%7Campid%3APL_CLK%7Cclp%3A2334524
Vostok Amphibia Automatic 120658 Scuba dude diver MEN Russian wristwatch,997142.86,"+IDR500,000.00 shipping",Top Rated Seller,https://www.ebay.com/itm/224344317483?hash=item343bf69e2b:g:z7oAAOSwp-xgfFH4
New ListingInvicta Chronograph Blue Dial Black Poly Analog Watch,1271428.57,"+IDR810,857.14 shipping",Watch,https://www.ebay.com/itm/154472544763?hash=item23f747f9fb:g:i~oAAOSw7r9gspQX
New ListingRado Men' Swiss Quartz Watch With Military Crest,1924225.00,"+IDR611,701.00 shipping estimate",Time left,https://www.ebay.com/itm/164889164014?hash=item266428f8ee:g:wEoAAOSwduRghDxP
New ListingRose Gold Michael Kors Watch,1357142.86,"+IDR388,428.57 shipping estimate",Time left,https://www.ebay.com/itm/154472665811?hash=item23f749d2d3:g:e3cAAOSwLLxglwyD
New ListingWatch,600000.00,"+IDR142,857.14 shipping",Time left,https://www.ebay.com/itm/154472545639?hash=item23f747fd67:g:HvsAAOSwSyNgjagg
45mm CORGEUT black dial super luminous mechanical Automatic mens watch C116,1182857.14,Free International Shipping,4.5 out of 5 stars.,https://www.ebay.com/itm/113215491420?epid=8042005379&hash=item1a5c2b4d5c:g:NrUAAOSwcTlbfSW6
New ListingLIGHTNING TIME NASCAR WATCH YELLOW DIAL STAINLESS STEEL BLACK RUBBER STRAP MENS,1400000.00,"+IDR402,428.57 shipping estimate",Watch,https://www.ebay.com/itm/194168231312?hash=item2d35541590:g:ijgAAOSwyiJgsmgx
New ListingInvicta Professional Diver 200M Gold Tone Stainless Steel Unisex Watch #2155,971428.57,"+IDR396,285.71 shipping estimate",Time left,https://www.ebay.com/itm/164889406637?hash=item26642cacad:g:RzEAAOSw36ZgspaG
44mm PARNIS skeleton dial luminous Mechanical hand winding 6497 mens watch P1263,1126428.57,Free International Shipping,Top Rated Seller,https://www.ebay.com/itm/113765268969?hash=item1a7cf03de9:g:r-UAAOSweFVc7ecb
New ListingVintage Timex Watch Mens Mineral Glass Crystal Water Resistant Leather Strap,714142.86,"+IDR333,571.43 shipping estimate",Time left,https://www.ebay.com/itm/114829947422?hash=item1abc65f21e:g:mVYAAOSwzqpgpVBV
New ListingLIGHTNING TIME WHITE DIAL MENS QUARTZ WATCH DATE WINDOW RUBBER STRAP BATTERY NEW,1400000.00,"+IDR427,428.57 shipping estimate",Watch,https://www.ebay.com/itm/194168333710?hash=item2d3555a58e:g:kOwAAOSw1GFgsnRg
New Listingbnwt mondaine black face ladies watch,1721675.00,"+IDR610,080.60 shipping estimate",Watch,https://www.ebay.com/itm/154472532665?hash=item23f747cab9:g:1I8AAOSwwGxgspE5
New ListingGT Precision Mens Automatic Watch Brand New,1134280.00,"+IDR607,447.46 shipping estimate",Time left,https://www.ebay.com/itm/114830176029?epid=6045831853&hash=item1abc696f1d:g:NcoAAOSwtG1geGyS
Invicta 33472 Pro Diver Men's Watch NEW 45MM Silver Dial Swiss Quartz Bracelet,1385000.00,"+IDR398,428.57 shipping estimate",Top Rated Seller,https://www.ebay.com/itm/143996116227?epid=16045280470&hash=item2186d65d03:g:0w4AAOSw0TBgZ1HH
New ListingBulova Women's Watch Rhapsody Two Tone Silver and Gold Tone Bracelet 98P193,1284285.71,"+IDR232,714.29 shipping estimate",Watch,https://www.ebay.com/itm/384194294203?epid=6036021548&_trkparms=ispr%3D1&hash=item5973c3b1bb:g:~YQAAOSwxghgssvd&amdata=enc%3AAQAFAAACcBaobrjLl8XobRIiIML1V4Imu%252Fn%252BzU5L90Z278x5ickkxFtV7J5P58ubuVigtBH%252Fe1fXpU0otAQYCffvI1OrbUZlZ2Bzm9HIe0BRQUA%252FbvJymFn1XM0dF2Yqt47BRc5MJOW%252F7Fo08pBwEYLtbRyFTWwhOgNvIf2s74e9yKpEJrcxNoGHPlAhuchBU84Ocxpzz984WSoSmjhzXBginEgNffPg%252FFjJ7oadULal9WxSrUWChQrb71iAS20MSked1YhYowF2T%252BYgfWE00yqiTMRZ93xGS%252FP%252BF9FfDYK0FiKm8AP%252F47Ju6tlpE%252BK%252B6A7DIQwKvViaPzYvjsD6reDF5Buw6QCkLzYF%252FlZsy9Nu1NQuIVc5pFQqVi95GOiumzi2gkGsVesvwJxFtQV3CRdSswbhO0r0%252BiTFqQ5kam3%252FXxkxntuXalfD5nj3GmO9Pa11JrKC4GxcBT%252F9V7juRjW0cAMv7eeuUlTki1PfAwO1yV36atNTe6XBsfvVmtyB4YfWhtpBpGUrHheJxSN%252FMJA682zSxv30huNEogC5fuMwYvvit58xr0P%252BUbnDeo5ODVI%252B2nb648%252FX5%252FoXe1vO1PGQxtobDMqgoHLpzvtzFzhX5xmdu1UCM%252FzW%252Bc%252FlEHbuWCh3TDNUwHToUopqochoLCOdtry4MKYH4nc3jbYbHAHERJRleLQR9zqWraSravRd%252FDQ07J6AE%252Bjq0YMFToe28rI9h00Q70EIb%252F8Bd3V8p1eMjbh7YXn4u8hBf5Rnb6XJs1rHk8xBBg9nnKO0vhVLF5C%252B%252BRcEXPHkzzg7Qx64YvGcIlIWPymuyfHMb7SQA%252Bav6QxqThTppQ%253D%253D%7Ccksum%3A384194294203e1680d6c0d3e47c7ad6f4555f4f16c7e%7Campid%3APL_CLK%7Cclp%3A2334524
Seiko Essentials Solar Men's Blue Dial Watch SNE491,1714285.71,"+IDR262,571.43 shipping estimate",Top Rated Seller,https://www.ebay.com/itm/123746850826?epid=8046143969&_trkparms=ispr%3D1&hash=item1ccfe3180a:g:6dcAAOSwgxhfH7j5&amdata=enc%3AAQAFAAACcBaobrjLl8XobRIiIML1V4Imu%252Fn%252BzU5L90Z278x5ickkp2NA0WuhQytmt4dbStg00F70W69yTPqddyviaahFiiTeuJ%252FhAwY3F0FBkcCOsHPqZc3unVZzhm91I9x9poNMPM8clrk7HzrGA8Yl3F7rvnvovCPzG1evh%252F9tiz72ooVExaHFspPYqpQZgtwwgA6zfBcozdbob99o%252BDyZQZQs852o3%252F7NwICfNpYFVYUz6m8%252BAwGNP4e12aXupPBiVxKF1FEGvVjn3LZWBtyOyS%252Bl%252BIIYgvr8mnLRqbHcrLrX%252FbkV8vYJh5gzuvJRZjOFlyTBCIEmlG%252Fj3iA0rF35AtVjmCkoh%252F2qkwZZXn9Ivj8jv7b2JRB0fBuKor1O8Wj1NuUiSaTJA3wdQcVWw96EPpV4cHgmTW1wwBP1PO%252FPilfwu9InFDqh6ud619JxWWUEJAbvMM85CArG0JxfiLHcJhZmiloXcczHMJUY%252BksiZLW8brhUNls9wPU%252FYkc7axHA5wvIM1zm34RgxkbwopfzN24OZtKtNY0tTfwQCvS6gE84Slt6tTpSGmPBG4qjqk1yvBAqYaUAb31CYLnHd5KPnpEoLnDHSSzIsfJE1wTofdpZFqZ6wKw9P0Gxz1grTXecHDyRDWDCDJpzRsJBq59bRjYO5bSJSbAJzM3Iz3n3%252F6YIzKDObweTaQJ88nIt%252BYuG%252FuWXdv0%252BkarAbqY%252BtXa%252BZUOhVCroUlm9Qwk6X1T4H2APU3SOS42SGeyqlJKx9YiuzsNDilk%252FZuPF5S7G0ZdnvuP%252BA2adsrZaXoxr6PinF9plLkrObHVO%252F46Rjb4%252FXpzF%252FZiYTg%253D%253D%7Ccksum%3A123746850826827796ae9aac44e4ba45aea0367a7bb3%7Campid%3APL_CLK%7Cclp%3A2334524
New ListingBulova Women's Watch Rhapsody Two Tone Silver and Gold Tone Bracelet 98P193,1284285.71,"+IDR232,714.29 shipping estimate",Watch,https://www.ebay.com/itm/384194294203?epid=6036021548&_trkparms=ispr%3D1&hash=item5973c3b1bb:g:~YQAAOSwxghgssvd&amdata=enc%3AAQAFAAACcBaobrjLl8XobRIiIML1V4Imu%252Fn%252BzU5L90Z278x5ickkxFtV7J5P58ubuVigtBH%252Fe1fXpU0otAQYCffvI1OrbUZlZ2Bzm9HIe0BRQUA%252FbvJymFn1XM0dF2Yqt47BRc5MJOW%252F7Fo08pBwEYLtbRyFTWwhOgNvIf2s74e9yKpEJrcxNoGHPlAhuchBU84Ocxpzz984WSoSmjhzXBginEgNffPg%252FFjJ7oadULal9WxSrUWChQrb71iAS20MSked1YhYowF2T%252BYgfWE00yqiTMRZ93xGS%252FP%252BF9FfDYK0FiKm8AP%252F47Ju6tlpE%252BK%252B6A7DIQwKvViaPzYvjsD6reDF5Buw6QCkLzYF%252FlZsy9Nu1NQuIVc5PB%252BP4LIAE8cSV3BLi2UGOQYH2MZILzsfC7byNU1LIuiTbqmGGI2BeVDefNT5Ppw3B06%252FeCCarRB06C4YmU9A2oFBHf%252BkLHMnjuBbvxnY6kkd4hMaxNW5tFzk1T6rvO9JGTMoitB0btaI8GurB%252B6v6GPutNmZls%252B6tzqN0L0CezwVQZESYJgFC%252BaaXSDueYwT%252FWt3g%252FmvzznQJ6WLeD7YLQzwhZRrMYgeefesWsN8vhvQUvKMPgUEpoEqa6KKP5B1SDbhHKr4W6zHc22Gfe1cMxbkZliPBqMJGCpN4eRffaj%252FU9%252FTKVwWG5JPek6c%252FSCuqiXvTrCodpV0s9vLx2qC82gZProIXUUl1M7fgiNcRQ3KHMfi7ejlZ3MX%252FTxHa7UxEO%252FOsn7kMGPZjh2yLOY%252FEXzTEVC8QIsIISWaAj6zW6zhy5VKRuqdvNyII0CvT4RqRKAB%252F2NVCHo6OfNhySRQ%252BA%253D%253D%7Ccksum%3A384194294203827796ae9aac44e4ba45aea0367a7bb3%7Campid%3APL_CLK%7Cclp%3A2334524
Manual Men's Watch Black Dial 6497 Mechanical Hand Winding Luminous Hand ,996428.57,Free International Shipping,Top Rated Seller,https://www.ebay.com/itm/323898761862?hash=item4b69dee286:g:Lv0AAOSwhr5f6pNJ
Casio Edifice Stainless Steel Band Watch EFV100D-7A ,1227142.86,Free International Shipping,Top Rated Seller,https://www.ebay.com/itm/324632282462?hash=item4b9597855e:g:b1MAAOSw3ipgpNC~
New ListingInvicta Mens Watch Pro Diver Chronograph Black Dial Stainless Steel Quartz,1271428.57,"+IDR810,857.14 shipping",Watch,https://www.ebay.com/itm/154472626956?hash=item23f7493b0c:g:a1IAAOSw9-xgsq2b
40mm PARNIS black dial ceramic jubilee Sapphire glass GMT automatic mens watch,1131428.57,Free International Shipping,Top Rated Seller,https://www.ebay.com/itm/113680252701?hash=item1a77deff1d:g:tekAAOSwqaNchIiK
New ListingDKNY NY-4255 Crystal Gold Tone Ladies Designer Bracelet Watch ,1125000.00,"+IDR371,142.86 shipping estimate",Previous Price,https://www.ebay.com/itm/144056999604?hash=item218a775eb4:g:XX4AAOSw~69gb1yx
New ListingCIRCA TIMEPIECE CT125T VINTAGE STYLE RECTANGLE WATCH GOLD/BLUE FACE IN ORIG BOX,285571.43,"+IDR505,428.57 shipping estimate",Time left,https://www.ebay.com/itm/124748338391?hash=item1d0b9494d7:g:SKwAAOSw1TdgsqRk
BRAND NEW EMPORIO ARMANI MEN'S WATCH AR1410 BLACK/ROSE GOLD CERAMICA CHRONOGRAPH,1589814.96,"+IDR510,426.00 shipping estimate",Watch,https://www.ebay.com/itm/293943718302?hash=item447069319e:g:IBUAAOSwVqpfIcHx
Invicta 29332 Women's Angel Blue MOP Dial Bracelet Crystal Watch,1402285.71,"+IDR257,000.00 shipping",5.0 out of 5 stars.,https://www.ebay.com/itm/333146061605?epid=11030006499&hash=item4d910d7b25:g:U58AAOSweMRdLEgN
New ListingRolens Quartz Mens Womens Unisex Watch Silver With 18K Gold Crown Sapphire Glass,1671285.71,"+IDR240,142.86 shipping estimate",Previous Price,https://www.ebay.com/itm/274815206459?_trkparms=ispr%3D1&hash=item3ffc43443b:g:BjcAAOSw5VtaIk5-&amdata=enc%3AAQAFAAACcBaobrjLl8XobRIiIML1V4Imu%252Fn%252BzU5L90Z278x5ickkY3FSd4Ad8xn3oRtkVexxrN8ZPAlHSvJt%252FNN1FwKq0FqjCHdUWsldg%252F2U%252B1SCjuvOqnQMA1pwpMHpQPHFdPh3xYSUoEv0GmQOar9mU9d6lJnGfFuiTCw3qD8qX9wwSGUaETTG%252BM3ejZzKypBpwepAC8oRDuAwbnRtim0UNKy1Yampp8WEKAenbiODIRaa1QbdkJqvPXhyiLYXbi2xOiW9ZpjrxTnlecOM8bK%252FAXZDi%252BL2W%252BgeX74XgDAcKe%252FsOJsvhDGeLlTX%252BrfsJJiKTG67Meh2%252Bm%252BI8AmFBjJnkItWxIGss1QBPoev5HXXSOTPCUG6OYYKb9am4QATQUEkUMSzxGzgufNXzxJF61MMPhi5PhkZio2bFlnbSCpLn8Akkmw69rjomp9MHJhuk22Ble83qmiGtfNwHKX7WuyyYRScND4J99lXt%252BmHU%252FzgRFFJ4q6sAkt1M7XpZ2WXdP6b18jOmaVVjMts9LW5xP%252F1ypGfYJAiZ1PlfoFEiuLKd7AgolOJrcpasvtaYwtjlpx6hxFeqJDET%252FXsl0Lv6v7OyLD0sYIgy3wEJ2Xkyc%252BTsIQIRqQt%252FfH6SDlt1Vasot1%252BQFuAk%252BU0DxkpT9M5BmkzOeX5CtYnF%252FL215QXqseB%252FHBsZzNeYF8UF66d7Efx7WS0%252BfMwmHzuEmJ3s2NwTgHFv8M2gVs%252FKV6RjbrIrDIGg9fkMgMaMJdEM%252FwreBw3L6t6mD85Swn7oeTwqf8teuxC9ePqX7vgHmrTw8iUWKeV74JmZtIjZGNHDGtRKW2ygnv9vXxyAg%253D%253D%7Ccksum%3A274815206459827796ae9aac44e4ba45aea0367a7bb3%7Campid%3APL_CLK%7Cclp%3A2334524
New ListingJSDUN Men Hollow Dial Watch Luminous Mechanical Movement Business Wristwatch New,789742.46,"+IDR222,602.46 shipping",Top Rated Seller,https://www.ebay.com/itm/324649478941?_trkparms=ispr%3D1&hash=item4b969deb1d:g:pCUAAOSwtd1gslk7&amdata=enc%3AAQAFAAACgBaobrjLl8XobRIiIML1V4Imu%252Fn%252BzU5L90Z278x5ickk5v8gVt3hEWLVg%252F253w6XCRenq4mj3Bp2ViuwezQI9VVG%252B7M7cMcsRvYpUGjlN8LSK%252BIHsBcVcDSYH8NOnuYsQ92UZKsNRl66atJqggxdWR0PNtDYU7ivXVnxoWnBgR3xc06ccZ961uWQXIsdOASa1n5zlIVm79QIXPpy3HVUGEDYqSCP2iOyODL1XCdjkeO6twQ8Pk3qJBjt%252B%252FAP8V7vZNZtRisTDUKbdQqUTCW%252B6VqyVypn306CH9yAys33z74eqpa6n0exf0S5iK1FQBSMTOUXqZGqyXgMZkya1VfmeBDovNR9t70jYr6%252BY0YucVPHYiiouZNLjh7p%252FJJLCqoeokaQvFLZNWDkIr5P5p2X6GTLDClMGgXZeTzZWpOnyiKg8IGkO09n69WWYkka01pZETwRAE8Kmmxjz%252FGYgsTpmRcEzCv2c6npJRyzd5fwQjh7RvKOL6QHcGZsd%252BdLrWdlXBUa0Aos9rNxh5K%252B75RSBy2L5ae%252Ff28dKjW%252B4p%252FzBjjnEiqYccAIoK%252BbD%252BMHMEmyT5TC66ZmoX19YptP3R1D4hyvGKpSAOqoEIiFj9TImNeGJX733uJa4B2FiFOcaXdzaPi5nWuITqcAw1D4VZsO2AgeK%252F0Vb1bwD9pWMHUxmXB%252BpoduTbY2yMR8yjm09UjG%252Fn%252BRustcxKs9nraMD3gNs3fi8dNTRT5gz7Q0NiHYWo2BixjzLc0gWcO4Y7XHW8nB6IbMGegUS1Ae1xIQp4ujJSJuXhhW%252FZhThoPZjrmMtdtW%252BuyONV%252Fh7kcCBsFLxsF3i6BBSDiLyf9vAcKWzioN%252FzA%253D%7Ccksum%3A324649478941827796ae9aac44e4ba45aea0367a7bb3%7Campid%3APL_CLK%7Cclp%3A2334524
New ListingDiesel Mens Black Leather Cuff Silver large watch,1357142.86,"+IDR315,000.00 shipping estimate",Watch,https://www.ebay.com/itm/203477169926?hash=item2f602f3706:g:4TcAAOSwPo9gEfFx
39mm PARNIS gray dial sapphire glass solid full Chronograph quartz mens watch ,1178571.43,Free International Shipping,Top Rated Seller,https://www.ebay.com/itm/113725865877?hash=item1a7a96ff95:g:Vr0AAOSwJEpcvZfw
New ListingPaterson Automatic Stockton Collection Cal. 3808 Sapphire Glass Men's Watch New,1822950.00,"+IDR303,825.00 shipping",Time left,https://www.ebay.com/itm/144056901046?hash=item218a75ddb6:g:e-kAAOSwkEJf4klk
40mm bliger sterile black dial jubilee strap sapphire glass automatic mens watch,1032142.86,Free International Shipping,Top Rated Seller,https://www.ebay.com/itm/114254823655?hash=item1a9a1e40e7:g:5U8AAOSwVzxe4J32
"New ListingDenacci Mens Wrist Watch Silver, Stainless Steel, Never Used",435714.29,"+IDR386,857.14 shipping estimate",Time left,https://www.ebay.com/itm/133775270786?hash=item1f25a0a382:g:~40AAOSwiftf~5ly
New ListingMichael Kors Rose Gold Ladies Watch Leather 139 - New in Box,1316575.00,"+IDR581,521.06 shipping estimate",Watch,https://www.ebay.com/itm/194166865261?hash=item2d353f3d6d:g:Z9IAAOSwMU5gDxO9
New ListingNixon R1G1 Watch in White New Without Tags,1924022.46,"+IDR593,471.50 shipping estimate",Watch,https://www.ebay.com/itm/154472063614?hash=item23f740a27e:g:0RAAAOSwCuFgn7HI
New ListingLinks of London men's watch 6020.1074,1519125.00,"+IDR590,230.70 shipping estimate",Time left,https://www.ebay.com/itm/154472329561?hash=item23f744b159:g:8IoAAOSw55Vgl~xp
New ListingBIDEN Luxury Men Women Waterproof Stainless Steel Straps Quartz Date Wrist Watch,192422.50,"+IDR576,254.76 shipping estimate",Time left,https://www.ebay.com/itm/133775039355?epid=13047079764&hash=item1f259d1b7b:g:3ZMAAOSwo6FgircG
New ListingCitizen Men's Watch 1012-S097738 Quartz Black Gray Dial Silver S. Steel USED,642714.29,"+IDR242,000.00 shipping estimate",Top Rated Seller,https://www.ebay.com/itm/203476938223?epid=23042370715&hash=item2f602badef:g:RGcAAOSwCgVgsm3U
New ListingBraun Men's Classic Watch Black Dial Brown Leather Strap BN0024BKBRG,1972285.71,Shipping not specified,Top Rated Seller,https://www.ebay.com/itm/144057066939?hash=item218a7865bb:g:AkMAAOSwbxtgstrQ
Ladies New Pulsar Watch Stunning Black dial all stainless.,506375.00,"+IDR555,594.66 shipping estimate",Time left,https://www.ebay.com/itm/164888113524?hash=item266418f174:g:OlEAAOSw4RxgoCUg
New ListingChristin Lars Men's Metallic Silver Watch With White Dial,202550.00,"+IDR485,309.80 shipping estimate",Time left,https://www.ebay.com/itm/203477098741?hash=item2f602e20f5:g:CV0AAOSwcF1glrET
New ListingInvicta Men's Quartz Chronograph 52mm Watch ,1214285.71,"+IDR810,857.14 shipping",Watch,https://www.ebay.com/itm/373596935307?epid=4009567365&_trkparms=ispr%3D1&hash=item56fc1cd48b:g:xQQAAOSwYPJgsorP&amdata=enc%3AAQAFAAACcBaobrjLl8XobRIiIML1V4Imu%252Fn%252BzU5L90Z278x5ickk8ihYa55VeJusc0Ydu6jng6thdAIz6JmFASINFrXd0xhyOatT9miegS5VRifeHfs2%252BI257byEMyaresieKg0DX0jdqNXqFRRjGxGlqCwu9cwTGRvJmmOdIN6%252FSw2Y8M9jB6T2T6aBZd5Ll8gCYpFkEJjCZV0YpmS59RU5sF%252Bgw3r1veXE9JxNezgriXTTl9so6v3lDZgnl1msaXFQJ%252BvwjHOZ6Vl34vBnw3fqdx%252FO8UherFYk00ITxZK3MQT9QLz6dPxEzB4ooWT%252BaAg1Z9NfCUY8zRWm8frR6S6zGPNvGoEI%252BZkyPfZQnE9q1iy45lpBrfJ52gDJnoSToIS1ojKczSEjwihOrR24xZnGYsZ9qyV8GiuAfH%252Bo79vzk%252F1t7qE%252Bq3Pm7wRG6HW7%252B%252F8qDzoway1QZJpQbqsW9onKQNVC0jfKPPMzQVBuoIrPD%252F7mBeVk3cQr7QMlhO6NVFQOnJgWhh5o%252FItcuupqZVOXQG15oDEa3Sa9NS0ruq6MovguxMR4H0ptPq9f7YldugD%252Bkc5wEpDfSi%252ByVdcn6v5f9YzpCXD%252FzGynRYBiuIL%252FYIPs8X1O619hozN2TDqXRR9%252FJhwOt2kFVWVh5urDBDMUrpyWD%252BSvlT5EGjvE4n3DUuyVLrGxWU7YOeFE11LCYwjLAO2W79Qf65%252FTtQBpvStNmL8ZZeGP%252BFamppNPfG5wnzJ343DA6dG9t2FbME6mrD09LSfvTeYGFq%252BinUUAPoCrYzYn1LHYg5wEqERm9Z%252BC1c09jxo1SBLizuc9F8sRdVNzh5VRrg%253D%253D%7Ccksum%3A373596935307827796ae9aac44e4ba45aea0367a7bb3%7Campid%3APL_CLK%7Cclp%3A2334524
New ListingMaximal Art Women's Watch Gold Tone Dead Battery,571285.71,"+IDR312,000.00 shipping estimate",Top Rated Seller,https://www.ebay.com/itm/184861270009?_trkparms=ispr%3D1&hash=item2b0a971ff9:g:F0AAAOSwFh5gTOmd&amdata=enc%3AAQAFAAACcBaobrjLl8XobRIiIML1V4Imu%252Fn%252BzU5L90Z278x5ickk8Fd9si%252FIbtWQr%252BhnlRwjDW2NocTTjXt8pHDVe2QBAXYB92qKlaOUSePL%252BLqHGQXWBjKdDibynRwmJhQXmIa25uk5LR7N%252FEqmtjItBpu0t9KDkIdBwVUPzq75JU3MyXi0i3mIuf0zfxGb4hEjyoxrBWIVDnlNnhPdGUrscnfQcLuaM%252FMsGPcIje3rvohGrsj2cQjUl9s%252BvyXj1UQMdX63NavfLkRQkHmhzm1anQJXacW%252BToiSN4409S2RcbXS%252FVrH%252BTawbMtHEmPvaIWlHejwwVypS6Xl3i21Y069IUwxvjzwPfoacXsJEzdHXUNxqr2qKbtUYbADW4ChLXJKJLgFo1pxvgFh73St%252FtCL%252Ff8We42LD1sb595D0AVvowfAvWHKlbZsNiyXCrnDNL%252BVUxBboHfH1%252B7eAOw0t0RpmJugdn%252FvM5jtdhL%252Fj1GX82aIDGL6NSYSvDXJbUh0trcZlAW7E1eXMbIetriWXjBdoTjHCHTc6ybRZKHdyaAZDgrfUtVPbRMv8XvX%252BBHvOxuWNTuTHBhh%252BJGlDp7KODmCTKDXLnK4Jq2%252FDO%252FdwbHQivMQ3nXPSmaAr5M55cjxwninx2gdP2eoodyKwaB5LaZcwuu3hLDQIJaJ2DoTjMR%252BqISLIQO%252FmD8TwlG1f6SkpZS%252F5W%252Bk4xzgOzBdqqJWIa8tshOchW%252BFrjEYD54GRveivP%252Byi1xu8GJO9mXXN0zNbL6GbvKnSiW16TEEQ1mk%252BA7KUwEPqaJk0hN2DHQIKkXZpTG1xEP3zQfnoSLIrn%252Fi2SzvJL4ncw%253D%253D%7Ccksum%3A184861270009827796ae9aac44e4ba45aea0367a7bb3%7Campid%3APL_CLK%7Cclp%3A2334524
Vintage Men's Timex Project Watch 34mm Fancy Dial Ticks Some,214142.86,"+IDR281,571.43 shipping estimate",Time left,https://www.ebay.com/itm/114829220235?hash=item1abc5ad98b:g:98oAAOSwo~9gsXN4
New ListingMen's Vintage Lanco Military WW 2 Swiss Mechanical Watch 15 Jewels working,1792420.71,"+IDR208,825.71 shipping",Time left,https://www.ebay.com/itm/164889265448?hash=item26642a8528:g:lMUAAOSwt51gnlNh
New ListingAkteo Wim Watch Titane 2-27,498571.43,"+IDR170,000.00 shipping",Time left,https://www.ebay.com/itm/154472638449?hash=item23f74967f1:g:098AAOSw9-hghWLa
Casio G-Shock Women Watch Series Ana analog digital GMAS-140-4A S ,1342428.57,"+IDR279,142.86 shipping estimate",Watch,https://www.ebay.com/itm/164888025060?hash=item26641797e4:g:DBEAAOSwkG1gSQfy
Victorinox Swiss Army 241500 Men's Chrono Classic White Dial Watch,1889142.86,"+IDR244,285.71 shipping estimate",4.5 out of 5 stars.,https://www.ebay.com/itm/133182144740?epid=2254526734&hash=item1f024640e4:g:e0AAAOSw-4FdiQzH
New ListingShield Diver Watch Japanese quartz movement Leather-Band SLDSH100-6,1425285.71,"+IDR321,000.00 shipping estimate",Time left,https://www.ebay.com/itm/114830211752?hash=item1abc69faa8:g:gOYAAOSwFD5fNHcg
New ListingNEW HUGO BOSS GRAND PRIX MEN'S WATCH LEATHER STRAP CHRONOGRAPH HB1513475 Genuine,1821937.26,"+IDR514,679.56 shipping estimate",5.0 out of 5 stars.,https://www.ebay.com/itm/224478562073?epid=7034598837&hash=item3443f70719:g:0SQAAOSwZNRgftgv
Citizen Men's Watch BU4025-08E Eco-Drive Black Dial Brown Leather Band 42mm ,1607142.86,"+IDR260,428.57 shipping estimate",Top Rated Seller,https://www.ebay.com/itm/203476034285?epid=8038254591&hash=item2f601de2ed:g:Di8AAOSwlFRgsVWZ
New ListingCitizen Men's BI5004-51A Quartz Stainless Steel Two-Tone Watch,1802695.00,"+IDR514,274.46 shipping estimate",Watch,https://www.ebay.com/itm/144056252320?hash=item218a6bf7a0:g:incAAOSwkP5gsfzv
42mm Corgeut white dial day Moon Phase automatic mens Watch rose golden case 204,1117142.86,Free International Shipping,Top Rated Seller,https://www.ebay.com/itm/114727663119?hash=item1ab64d360f:g:SNoAAOSwExVe400E
Orient Men's 'Bambino Version 4' Japanese Automatic Stainless Steel and Leath...,1671428.57,"+IDR285,428.57 shipping estimate",5.0 out of 5 stars.,https://www.ebay.com/itm/282811467408?epid=26009498249&hash=item41d8e08690:g:sFQAAOSwK6NbFp31
Vintage Citizen Automatic Movement Date Dial Mens Analog Wrist Watch C160,257000.00,Free International Shipping,Time left,https://www.ebay.com/itm/393363231365?hash=item5b96469285:g:dcsAAOSw7IBgsP2X
40mm PARNIS black dial Sapphire glass green GMT date automatic mens watch ,1067142.86,Free International Shipping,Top Rated Seller,https://www.ebay.com/itm/124310017623?hash=item1cf1745657:g:ahwAAOSwuntd7fuz
New ListingCASIO  GSHOCK Men Military Black Watch G9000MS1,1542714.29,"+IDR259,285.71 shipping estimate",4.5 out of 5 stars.,https://www.ebay.com/itm/265177616086?epid=1200276839&_trkparms=ispr%3D1&hash=item3dbdd14ed6:g:esMAAOSw11VfE~3b&amdata=enc%3AAQAFAAACcBaobrjLl8XobRIiIML1V4Imu%252Fn%252BzU5L90Z278x5ickkXKoKcbeZcOrOku%252BoOBl%252BSznqpYgk9lCa0OYpOb707XHf1I%252FX%252BSpKwX1hKAqQSuzPHF3fJeREyxrVmVyQgEvenUZ6lbfu7OxJ1kLCCDkb%252FTdMKlSiqqkgZQ3d93Nkc5aTcFi1OBM8cDQ2R1MGOnfbwOvl8%252B4XNEedUqRpUiVcjaZP9Jicb%252BVD%252Bt8rB9NNAUmM7iyMxUKpNxDRga7aEKEv9gURwTYv%252FpVX8vvaeKC1Az2B%252BUkbCcqMlKnn%252B4q5l%252FirOzA%252By1sMzy83Lkfyn%252Bsfsq78Pri0eq6AyBpjzXMfZJ2pim1foGm5rErctz0aFVA2L6bkCiIivfCr%252Ft8F%252BfdG%252BjA8G1N7JBn7OyamhbYbcTG8ZpUoKkbgRmjTX9l8MoHQ6Iy98HIXbIQDJgaXP4xknahKhPAqjf1mXeSl%252FRmxbNrEDJPInPzp61of2exSlZX6ieprXUJlfiCFdedoZfnYbs0gpwY4iv3IsH4kuddvgdzML5gImfMfXJE8jTFYEF7n1kuahEVC8of66gnAwNrsYWEHXptGNirMinC4yxp69d4i%252FK4EQX1Vx%252BxgIALyM6rmS7nM12QoptG3t3cq6NWiS9KlNfx%252BWClT5z1as5SEsEPsIcsaAoFd4gvlnI9ueb2qySwgu%252Fu8qWgCSauv%252Bdl8uqJOVSV2jIdpl87yZG54Su1ms5fHfnO4ZIqWfIlFXWNSdM7CnJWQSpbAfNAPtbdEvxy0CGsJaZEgF%252FQpOPqnOT0f7VokjePKASmV303C2MjkxB2%252F58qqSGA5Wru5cXOALA%253D%253D%7Ccksum%3A265177616086827796ae9aac44e4ba45aea0367a7bb3%7Campid%3APL_CLK%7Cclp%3A2334524
